requirement_id,source_section,summary,screens_flows,core_components,acceptance_criteria,status,implementation_evidence,verification_evidence,primary_acceptance_phase,follow_up_review_phases,notes
REQ-001,需求/产品边界,仅 Android 手机；支持桌面小组件,G-001;WGT-001..003,LedgerScaffold;WidgetConfigScaffold,320dp 宽手机、标准手机和大字体下可完成全部流程；小组件配置可完成。,IN_PROGRESS,P11 single-Activity phone shell and 320/360/480dp plus 100/130/200% font matrix,P11-E004; P11-E005,P33,P34 | P36,P11 verifies the phone shell; Glance widget completion remains P33.
REQ-002,需求/产品边界,单用户、单总账、本地优先，无在线产品账户,G-001;ONB-001..010,SessionGate;OfflineState,断网时除地图、汇率、Drive、遥测外全部核心页面可用；UI 无登录/注册入口。,IN_PROGRESS,P07 single encrypted primary/staging authority plus P09 device-local key hierarchy and P11 offline encrypted empty-book onboarding without login,P07-E001; P07-E003; P09-E001; P09-E003; P11-E003; P11-E004,P11,P34 | P36,P11 verifies the offline root and onboarding; later feature offline acceptance remains owning-stage work.
REQ-003,需求/产品边界,不提供实时同步，只提供备份、恢复、合并,BKP-001..007;RST-001..007,BackupStatus;RestoreModeCard,任何页面不得使用“同步”描述 Drive 备份；合并恢复有独立冲突界面。,IN_PROGRESS,P30 encrypted local/SAF/Drive backup repository portable container and all BKP states use backup-only terminology,P30-E001; P30-E002; P30-E004; P30-E005; P30-E006,P31,P34 | P36,P30 completes the backup branch; replace and merge restore plus their conflict UI remain P31 so the combined boundary stays IN_PROGRESS.
REQ-004,需求/产品边界,不读取通知、短信、银行或支付平台自动记账,SETG-001;AUT-001,PrivacySummary,设置中不存在相关权限或入口；自动化只基于模板和周期规则。,VERIFIED,P23 blueprint-only deterministic recurrence engine and WorkManager catch-up with no notification SMS bank or payment-platform reader/permission,P23-E001; P23-E002; P23-E004; P23-E006,P23,P34 | P36,P23 completes automation input/runtime privacy; final cross-feature privacy replay remains P34/P36.
REQ-005,需求/产品边界,不使用 AI/OCR,ANA-013;IMP-001..009,DeterministicMethodDisclosure,异常/预测显示确定性算法说明；附件导入没有 OCR 操作。,VERIFIED,P25 closed report compiler plus P26 local deterministic anomaly/forecast engines and P28 deterministic CSV/FastExcel import with no AI OCR formula evaluator or script surface,P25-E001; P25-E002; P26-E001; P26-E002; P26-E004; P28-E001; P28-E002; P28-E006,P25,P34 | P36,Analytics and import surfaces are deterministic and expose no OCR action or SDK.
REQ-006,需求/账务模型,界面隐藏借方、贷方、会计科目,JRN-007;ANA-015,AccountImpactSection;IntegrityStatus,普通 UI 只显示账户增加/减少、费用/收入/预算影响；技术明细折叠且不作为主流程。,VERIFIED,P05 typed foundation P06 hidden planner P08 normalized persistence and P25 collapsed desensitized integrity presentation,P05-E001; P06-E001; P08-E003; P25-E003; P25-E004,P06,P34 | P36,P25 ANA-015 completes the ordinary-user disclosure boundary while preserving technical integrity evidence.
REQ-007,需求/账务模型,四层统计语义分别表达,JRN-007;ANA-003;BUD-001,BudgetSemanticsSection;MetricCard,详情能分别显示账户现金流、净金融资产、消费性质、预算影响。,VERIFIED,P06 separate typed facts P08 rebuildable projections P17 budget composition and P25 closed analytics measures/presentation,P06-E001; P08-E003; P17-E003; P25-E002; P25-E003; P25-E004,P08,P34 | P36,P25 fixed reports preserve cash flow net assets consumption and budget meanings without collapsing them.
REQ-008,需求/净资产指标,名称固定为核心净金融资产和调整后净金融头寸,ACC-001;ANA-003,NetFinancialAssetSummary,不得出现“总净资产”或暗示包含房产投资的文案。,VERIFIED,P12 encrypted account summary plus P25 typed report measures and localized analytics labels use the exact two names,P12-E003; P12-E004; P25-E002; P25-E004,P12,P34 | P36,Account and analytics surfaces both use the frozen names and do not imply property or investments.
REQ-009,需求/账户,任意多个现金、银行、信用、贷款账户,ACC-001..005;LOA-001..007,AccountTypeCard;AccountSummaryCard,账户创建器支持四类且无单现金账户限制。,IN_PROGRESS,P05 typed foundation plus P12 four-type encrypted account creation opening balance and detail,P05-E001; P05-E002; P05-E003; P12-E002; P12-E003; P12-E004,P12,P34 | P36,P12 account management is implemented; loan-specific flows and final acceptance remain later.
REQ-010,需求/账户,最后一个账户允许归档但必须警告,ACC-012,LastAccountWarning,归档前明确说明记账将无可用账户；仍允许继续。,IN_PROGRESS,P05 typed foundation plus P12 lifecycle policy and last-account warning that still permits archive,P05-E001; P05-E002; P05-E003; P12-E002; P12-E003; P12-E004,P12,P34 | P36,P12 behavior passes; final cross-feature acceptance remains later.
REQ-011,需求/账户,有历史账户只能归档，空账户可永久删除,ACC-012,UsageSummary;ArchiveDeleteOptions,使用过的账户不显示直接删除操作。,IN_PROGRESS,P05 typed foundation plus P12 Posting/card guarded delete and archive-only UI,P05-E001; P05-E002; P05-E003; P12-E002; P12-E003; P12-E004,P12,P34 | P36,P12 behavior passes; final history and release acceptance remain later.
REQ-012,需求/实体卡,账户与实体卡分离，一账户多卡或无卡,ACC-009..011;REC-006,CardOptionRow,账户详情可为空卡列表；交易卡片字段可为空。,IN_PROGRESS,P05 typed foundation plus P12 separate compatible card lifecycle and replacement history,P05-E001; P05-E002; P05-E003; P12-E002; P12-E003; P12-E004,P12,P34 | P36,P12 management passes; record selection and final acceptance remain later.
REQ-013,需求/多币种,账户币种固定，首笔 Posting 后不可修改,ACC-003,CurrencyField,已使用账户币种字段只读并解释原因。,IN_PROGRESS,P05 typed account currency contract P07 physical equality and P12 Posting-derived adapter/UI lock,P05-E001; P05-E002; P05-E003; P07-E001; P07-E002; P07-E003; P12-E002; P12-E003; P12-E004,P12,P34 | P36,P12 real opening balance proves the first financial Posting locks currency; later FX/final acceptance remains.
REQ-014,需求/多币种,保存原币、账户币、本位币和汇率证据,REC-003;REC-013;REC-021;JRN-007,FxEvidenceSection;AmountStack,详情清楚区分原始金额、入账金额、本位币估值和报价时间。,IN_PROGRESS,P03 exact FX foundation P05 typed evidence P06 frozen original/account/base planning P07 normalized immutable persistence and P14 dual-account transfer/exchange evidence UI plus SQLCipher round trip,P03-E003; P03-E006; P05-E001; P05-E002; P05-E003; P06-E001; P06-E002; P06-E003; P07-E001; P07-E003; P14-E002; P14-E004; P14-E005,P14,P34 | P36,P14 verifies specialized entry and immutable storage; JRN-007 detail-wide presentation remains P15/P34.
REQ-015,需求/多币种,离线缓存汇率；无缓存时手动输入,REC-003;REC-013;REC-021,FxStatusBanner;ManualRateField,离线状态显示报价时间；无汇率时阻止保存并提供手动路径。,IN_PROGRESS,P03 typed CACHE/MANUAL evidence and P14 privacy-limited online adapter encrypted current cache visible quote time stale banner and positive manual fallback,P03-E003; P05-E001; P05-E002; P05-E003; P14-E002; P14-E003; P14-E004; P14-E005,P14,P34 | P36,P14 verifies transfer/exchange offline/manual behavior; final ordinary/import/global acceptance remains P34/P36.
REQ-016,需求/交易系统,顶部固定支出、收入、其他交易 Tab,REC-001,RecordTopTabs,三个 Tab 固定在内容顶部，冷启动落在支出。,VERIFIED,P04 governed tab plus P13 fixed three-tab category-first root and EXPENSE default,P04-E003; P04-E004; P13-E004,P13,P34 | P36,P13 verifies the complete REC-001 behavior.
REQ-017,需求/交易系统,其他交易包含转账、信用还款、退款、贷款、余额调整、外币兑换,REC-012..021,OtherTransactionGrid,六个入口全部存在；互请管理不在该网格中。,IN_PROGRESS,P13 REC-012 exposes exactly six governed entries and excludes settlement management; P14 makes transfer adjustment and FX destinations functional; P16 makes linked and independent refund destinations functional,P13-E004; P14-E001; P14-E004; P14-E005; P16-E003; P16-E004,P14,P34 | P36,Credit payment and loan destinations remain P19/P21.
REQ-018,需求/分类,收入和支出是两棵独立树，无默认分类,REC-001;CAT-001,CategoryGrid;EmptyState,新账本显示空分类状态；收入/支出切换不混用数据。,VERIFIED,P04 governed grid P12 independent persisted direction trees and P13 direction-scoped recording grids/empty state,P04-E003; P12-E002; P12-E003; P12-E004; P13-E004,P12,P34 | P36,Management and record-grid acceptance pass.
REQ-019,需求/分类,最多两级，一级有子项仍可直接记账,REC-001;REC-004;CAT-001,CategoryGroupSection;CategoryTile,一级和二级均可点击选择；层级视觉清晰。,VERIFIED,P04 grouped tile P12 depth/parent invariants and P13 direct parent/child recording selection,P04-E003; P12-E002; P12-E003; P12-E004; P13-E002; P13-E004,P12,P34 | P36,Two-level management and recording selection pass.
REQ-020,需求/分类,分类重新选择复用完整网格，不用下拉,REC-004,CategoryGrid,交易编辑器点击分类进入同一 CategoryGrid destination。,VERIFIED,P04 single governed CategoryGrid P12 appearance and P13 REC-004 full-grid route/search/result wiring,P04-E003; P04-E004; P12-E004; P13-E004,P13,P34 | P36,No dropdown category path exists.
REQ-021,需求/分类,分类支持颜色、图标、排序、搜索与对比度检测,CAT-001..003;CAT-002,CategoryColorPicker;ContrastPreview,低对比色产生警告并给出可访问前景色。,VERIFIED,P04 palette/icon contrast governance P12 persisted search/order/editor and P13 accessible category consumption,P04-E001; P04-E002; P04-E005; P12-E003; P12-E004; P13-E004,P12,P34 | P36,Management and recording consumption pass.
REQ-022,需求/分类,删除分类支持重分配、归档、墓碑删除,CAT-004,CategoryDeleteFlow,三种策略均展示影响笔数；墓碑历史以灰色删除线显示。,VERIFIED,P04 deleted rendering P12 audited archive/tombstone/atomic reassignment and P13 current category snapshot consumption,P04-E003; P12-E003; P12-E004; P12-E008; P13-E003,P12,P34 | P36,All three strategies and immutable recording integration pass.
REQ-023,需求/普通交易,普通交易字段完整且顺序固定,REC-003,TransactionEditorScaffold,字段顺序严格为分类、金额、账户卡、商户、时间、项目、互请、位置、备注、附件。,VERIFIED,P04 governed fields plus P13 exact ordered single-page editor and advanced snapshot section,P04-E003; P13-E004; P13-E005,P13,P34 | P36,Exact ordered field audit passes.
REQ-024,需求/金额输入,系统键盘；支持有限算术表达式和操作符工具栏,REC-003;REC-013..021,MoneyExpressionField;OperatorToolbar,全半角规范化；错误定位；无应用内数字键盘。,VERIFIED,P03 bounded expression engine P04 system keyboard/operator toolbar P13 ordinary binding P14 specialized exact-minor reuse and P16 refund amount binding,P03-E004; P03-E006; P04-E003; P13-E002; P13-E004; P14-E002; P14-E005; P16-E002; P16-E004,P13,P34 | P36,No application numeric keypad or unsupported expression path exists.
REQ-025,需求/金额输入,最终金额大于零并按币种最小单位舍入,REC-003,MoneyExpressionField,零/负数不可保存；显示舍入后结果和原始算式。,VERIFIED,P03 exact positive rounded minor units P06 planner enforcement and P13 visible expression/result validation,P03-E003; P03-E004; P06-E001; P06-E002; P13-E002; P13-E003; P13-E004,P03,P34 | P36,REC-003 and authoritative write path pass without floating point.
REQ-026,需求/录入交互,互请默认折叠，开启后展开,REC-003;REC-011,SettlementSection,未开启时不占用大块空间；开启后字段完整。,VERIFIED,P04 governed FormSection plus P13 collapsed default activity allocation totals and currency mismatch handling,P04-E003; P13-E002; P13-E004,P13,P34 | P36,P22 owns activity management but ordinary-entry interaction passes.
REQ-027,需求/录入交互,保存 FAB 固定右下，不随页面滚动,REC-003;REC-013..022,LedgerSaveFab,滚动、键盘显示、大字体下仍可触达且不遮住最后字段。,VERIFIED,P04 closed Save FAB P13 root fixed-action integration P14 specialized reuse and P16 refund fixed-action integration under 200-percent font,P04-E003; P13-E004; P13-E005; P14-E005; P14-E006; P16-E004; P16-E005,P13,P34 | P36,Ordinary specialized and refund editors retain the root fixed action while form content scrolls independently.
REQ-028,需求/录入交互,保存后返回当前分类网格,REC-003 -> REC-001,NavigationResult,保存成功回到原支出/收入 Tab 并保持滚动位置。,VERIFIED,P13 typed origin return policy preserves category tab/scroll while edit candidate and batch return to their source,P13-E002; P13-E004,P13,P34 | P36,All five entry origins have automated return-policy evidence.
REQ-029,需求/交易限制,不支持拆分分类或多账户共同支付,REC-003;IMP-003,SingleCategorySelector;SinglePayerAccount,UI 不出现拆分入口；导入映射遇到拆分数据提示需拆成多笔。,VERIFIED,P05/P06 single classification/payer types P13/P14 closed recording payloads and P28 import boundary rejects multiple categories or payers with an explicit expand-to-separate-transactions error,P05-E001; P06-E002; P13-E002; P13-E004; P14-E001; P14-E002; P28-E001; P28-E002,P06,P34 | P36,All recording and import paths preserve the no-split product boundary.
REQ-030,需求/交易时间,保存发生时间、时区、本地日期和账单归属,REC-003;CRD-006;JRN-007,DateTimeZoneField;StatementAssignment,跨时区交易详情可查看原时区；信用账单时区单独说明。,IN_PROGRESS,P03/P06 temporal planning plus P13 governed date-time picker preserving zone/local date in the immutable revision,P03-E005; P06-E002; P13-E002; P13-E003; P13-E004,P13,P34 | P36,Ordinary time/zone passes; credit statement and journal presentation remain later.
REQ-031,需求/版本历史,任何编辑产生完整历史，旧版恢复产生新修订,JRN-008;JRN-009,RevisionTimeline;RestoreRevisionAction,恢复操作提示“将创建新版本”，历史版本数量增加而非覆盖。,VERIFIED,P05 revision model P06 reverse-old append-new lifecycle P07 append-only schema P08 atomic normalized mapper P15 complete timeline/RESTORE and P16 immutable refund allocation reversal/history,P05-E001; P05-E002; P05-E003; P06-E001; P06-E002; P06-E003; P07-E001; P07-E002; P07-E003; P08-E001; P08-E003; P15-E004; P15-E005; P16-E002; P16-E003,P15,P34 | P36,P16 extends the verified append-only history path to refund revisions and allocation facts without overwriting prior evidence.
REQ-032,需求/回收站,保留期可配，支持恢复和受控永久清除,JRN-011;JRN-012;SETG-008,TrashRetentionBanner;HighRiskConfirmation,永久删除前重新校验资格；依赖未处理时不可执行。,IN_PROGRESS,P05 typed purge policy P07 guarded schema P15 trash/restore eligibility and P16 atomic refund dependency reversal or independentization,P05-E001; P05-E002; P05-E003; P07-E001; P07-E002; P07-E003; P15-E004; P15-E005; P16-E002; P16-E003,P31,P34 | P36,P16 prevents unresolved original/refund dependency deletion; P31 retains maintenance-only physical purge and tombstones.
REQ-033,需求/余额检查点,检查点不影响余额，可查漏或生成调整,ACC-007;ACC-008,DifferenceCard;ResolutionActions,创建检查点后余额不变；调整是显式独立操作。,VERIFIED,P05 typed foundation P06 explicit adjustment rule P08 atomic persistence P12 neutral checkpoint and P14 immutable checkpoint-linked adjustment flow,P05-E001; P05-E002; P05-E003; P06-E001; P06-E002; P06-E003; P08-E001; P08-E003; P12-E002; P12-E003; P12-E004; P14-E004; P14-E005,P12,P34 | P36,Checkpoint Fact remains immutable; adjustment_revision_detail is the authoritative link and only the separate adjustment changes balance.
REQ-034,需求/退款,全额/部分/跨月/其他账户/独立退款,REC-015;REC-016,RefundEditor,原交易和独立两种模式；显示已退、可退、剩余。,VERIFIED,P05 typed foundation plus P16 full partial repeated cross-month other-account independent excess refund facts projections dependency policies and complete REC UI,P05-E001; P05-E002; P05-E003; P16-E001; P16-E002; P16-E003; P16-E004; P16-E005; P16-E006,P16,P34 | P36,P16 device/property/UI evidence covers the complete requirement; installment-specific allocation remains its separate P19 requirement.
REQ-035,需求/退款,跨月退款分别处理权责、现金流和预算恢复,REC-015;JRN-007,RefundBudgetPolicy;AccrualCashflowSummary,三个时间/月份维度分别可见，不用一个日期替代。,VERIFIED,P05 typed foundation plus P16 independently frozen cash date accrual date and original/refund/no-restore budget month in facts queries detail and UI,P05-E001; P05-E002; P05-E003; P16-E002; P16-E003; P16-E004; P16-E005,P16,P34 | P36,P16 SQLCipher evidence proves September cash July accrual and July budget restoration remain separate through rebuild.
REQ-036,需求/信用卡,完整账单、额度、欠款、官方与预计信息；无最低还款额,CRD-001..005,CreditDebtHero;EstimatedOfficialComparison,页面无最低还款字段；官方与预计差异不自动调账。,VERIFIED,P19 typed profile/calendar/limit/statement revisions plus estimated/official/sealed/status projections difference-only display and complete CRD-001—005 UI,P19-E001; P19-E002; P19-E003; P19-E004; P19-E005; P19-E006,P19,P34 | P36,P19 verifies the complete credit-account and statement requirement; official differences append no balance adjustment and no minimum-payment model or field exists.
REQ-037,需求/信用卡,允许前后期调整、封存后编辑警告,CRD-004;CRD-006;REC-003,ImpactWarning;SealedBadge,封存账单内交易编辑前显示影响说明并继续保留历史。,VERIFIED,P19 automatic/manual previous-current-next assignment stored in transaction revisions with sealed-statement impact warning and append-only history,P19-E001; P19-E002; P19-E003; P19-E004; P19-E006,P19,P34 | P36,P19 verifies assignment persistence and UI warning; editing never mutates an old transaction or statement revision.
REQ-038,需求/信用卡,提前还款分配，禁止主动超额还款,REC-014;CRD-007,PaymentAllocationEditor,超额时阻止保存；支持未分配提前还款。,VERIFIED,P19 coordinator-owned repayment and earliest/specified/unallocated allocation facts enforce actual-debt active-overpayment rejection while explaining passive positive balances,P19-E001; P19-E002; P19-E003; P19-E004; P19-E006,P19,P34 | P36,P19 verifies balanced liability repayment with no income/expense and deterministic rebuildable allocation.
REQ-039,需求/自动还款,正式生成/候选两模式，不声称现实扣款成功,CRD-008;AUT-008,RealityPaymentDisclaimer;CandidateBadge,所有自动生成文案明确为“记账记录”。,VERIFIED,P19 eligibility/idempotency and P23 occurrence trigger adapter with formal/candidate modes fact-free fallback and explicit bookkeeping-only reality disclaimer,P19-E001; P19-E002; P19-E003; P19-E004; P19-E006; P23-E001; P23-E003; P23-E004,P19,P34 | P36,P23 closes the occurrence-engine trigger without asserting external payment; final cross-feature wording replay remains P34/P36.
REQ-040,需求/分期,购买即确认全部消费/负债，未来计划单独展示,REC-027;INS-003..004,InstallmentProgressHero;ScheduleTable,分期页区分已出账和未出账承诺负债。,VERIFIED,P05 typed foundation plus P20 exact versioned schedules all fee models posted liability versus unposted commitment explicit settlement/refund application and complete REC-027/INS UI,P05-E001; P05-E002; P05-E003; P20-E001; P20-E002; P20-E003; P20-E004; P20-E005; P20-E006,P20,P34 | P36,P20 proves the original purchase remains whole while future schedule items never become duplicate consumption; full scale/release acceptance remains P34/P36.
REQ-041,需求/贷款,多还款方式、利率阶段、组合贷款、提前还款模拟,LOA-002..011,LoanWizard;RatePeriodTimeline;SimulationComparison,组合贷款可添加多个 tranche；模拟不影响真实账本，应用需二次确认。,VERIFIED,P21 typed combination contracts and tranche ledgers; versioned terms/rates/schedules; all repayment methods; atomic actual disbursement/payment; pure and confirmed prepayment simulation; complete LOA UI,P21-E001; P21-E002; P21-E003; P21-E004; P21-E005; P21-E006,P21,P34 | P36,P23 retains only due-occurrence integration; wider backup/performance acceptance remains with its owning stages.
REQ-042,需求/贷款,未来计划只进预测，不进当前流水余额,LOA-008;ANA-014;JRN-001,PlannedActualToggle;ForecastDisclosure,计划行有“计划”标识且不出现在流水。,VERIFIED,P21 latest-schedule future-only versioned projection; planned versus actual accessible table; no planned transaction Journal Posting effect or balance mutation,P21-E001; P21-E002; P21-E003; P21-E004; P21-E006,P21,P34 | P36,P26 owns the wider analytics forecast screen; P21 verifies the authoritative loan current-versus-forecast boundary.
REQ-043,需求/互请,只支持净额结算，任意参与人和多种分配方式,SET-001..008;REC-011,ParticipantShareTable;SplitModeTabs,平均、金额、百分比、权重、排除、税费及舍入均可编辑。,VERIFIED,P22 checked allocation policy; unique-self activity/participant aggregate; immutable expense/payment facts; deterministic position/suggestion rebuild; complete REC/SET UI,P22-E001; P22-E002; P22-E003; P22-E004; P22-E005,P22,P34 | P36,P22 verifies arbitrary participants and all closed allocation/charge/rounding paths with coordinator-owned immutable persistence and all 27 required states.
REQ-044,需求/互请,外部参与人之间付款不改变本地账户,SET-006,NoLocalImpactBanner,self 不参与时账户字段隐藏并明确“不影响本地账户”。,VERIFIED,P22 external-to-external pure subledger record; self-conditional account field and no-local-impact disclosure,P22-E002; P22-E003; P22-E004,P22,P34 | P36,API 36 SQLCipher evidence proves external-only payments append no Journal Posting account balance or current transaction.
REQ-045,需求/互请,已结算后原交易修改触发补充结算,SET-004;SET-008,AdditionalSettlementBadge,历史结算不被修改，页面显示重新计算后的差额。,VERIFIED,P22 immutable settlement payment history; append-only source edit; recomputed theoretical position and additional-settlement marker/suggestions,P22-E002; P22-E003; P22-E004,P22,P34 | P36,Post-settlement edit retains the exact payment digest and marks only the residual position for supplemental settlement.
REQ-046,需求/项目,项目预算、报表、交易、现金流、互请和目标关联,PRJ-001..006,ProjectHero;ProjectTabs,项目详情具备概览、交易、现金流、互请信息。,VERIFIED,P18 typed project current/audit mutations frozen ProjectEffects keyset transactions cashflow settlement status and all PRJ UI,P18-E001; P18-E002; P18-E003; P18-E004; P18-E005; P18-E006,P18,P34 | P36,P18 verifies project budgeting and reports; cross-feature final analytics and release review remain.
REQ-047,需求/项目,一个项目最多一个目标，一个目标可多个项目,PRJ-002;GOL-003,GoalSelector;BoundProjects,项目编辑器单选目标；目标详情可列多个项目。,VERIFIED,P18 single nullable project goal relation typed selector and reverse bound-project query,P18-E001; P18-E003; P18-E004,P18,P34 | P36,P18 verifies one-project-to-zero-or-one-goal and one-goal-to-many-projects.
REQ-048,需求/预算,自然月、总/一级/二级预算、层级约束,BUD-001..003,HierarchicalBudgetEditor;ConstraintMeters,一级合计和二级合计超限时立即显示差额并阻止保存。,VERIFIED,P17 typed natural-month revisions checked hierarchy policy synchronous SQLCipher projection and live difference meters,P17-E001; P17-E002; P17-E003; P17-E004,P17,P34 | P36,P17 owns and verifies this requirement; later phases perform only cross-feature/final regression.
REQ-049,需求/预算,正负结转、调整、历史重算、模板和未来月份,BUD-001..008,BudgetCompositionRows;RecalculationBanner,基础预算、结转和调整分栏显示；历史修改提示后续月份重算。,VERIFIED,P17 uncapped non-expiring signed rollover chain immutable adjustments versioned templates future months history and recalculation UI,P17-E001; P17-E002; P17-E003; P17-E004; P17-E005,P17,P34 | P36,P17 owns and verifies this requirement; later phases perform only cross-feature/final regression.
REQ-050,需求/预算,每日可用金额扣除尚未发生周期固定支出,BUD-001,DailyAvailableCard,卡片显示公式展开和周期预留金额。,VERIFIED,P17 exact integer daily-available policy and versioned future recurrence reservation query with formula operands in BUD-001,P17-E001; P17-E002; P17-E003; P17-E004,P17,P34 | P36,P17 owns and verifies this requirement; recurrence authoring remains P23 without weakening the P17 calculation contract.
REQ-051,需求/目标,目标是账户内预留，不改变实际余额,GOL-001..004;ACC-005,AccountAvailabilitySummary,同时显示实际余额、目标预留和可用余额。,VERIFIED,P05 typed foundation plus P18 coordinator-owned GoalMovement GoalEffect rebuild and actual-reserved-available UI,P05-E001; P05-E002; P05-E003; P18-E001; P18-E002; P18-E003; P18-E004,P18,P34 | P36,P18 verifies complete account-bound goal reservation behavior; widgets and final review remain later.
REQ-052,需求/目标,余额不足不阻止交易，允许可用余额为负并警告,REC-003;GOL-003,UnderfundedWarning,只警告不禁用保存。,VERIFIED,P13 non-blocking transaction surface plus P18 checked negative availability projection and warning with enabled Save,P13-E004; P18-E002; P18-E003; P18-E004,P18,P34 | P36,P18 verifies negative availability is warned without automatic reduction or transaction/save blocking.
REQ-053,需求/商户,商户搜索、合并、别名、地点与本地位置推荐,REC-007;MER-001..003,MerchantSuggestionRow,推荐需标注“根据本地历史”，不得自动填写。,IN_PROGRESS,P05 typed foundation P10 location/map and P12 alias search merge linked places and local history query data,P05-E001; P05-E002; P05-E003; P10-E002; P10-E004; P12-E003; P12-E004,P12,P34 | P36,P12 management is implemented without online geocoding; REC-007 opt-in suggestion presentation and final acceptance remain later.
REQ-054,需求/位置,前台尝试定位，保存最多等待3秒，失败不阻止,REC-003;REC-009;SYS-001,LocationField,保存过程中最多等待3秒，超时自动继续且不后台补写。,VERIFIED,P10 foreground client/session plus P13 save integration and atomic optional location side effect,P10-E002; P10-E004; P10-E005; P10-E006; P13-E003; P13-E004,P10,P34 | P36,Failure continues without location and never supplements later.
REQ-055,需求/位置,不申请后台定位，不在线地点搜索/反向解析,SYS-001;REC-009,PermissionRationale,权限说明仅为“使用应用时”；地图无在线搜索框。,VERIFIED,P05 typed location contract plus P10 foreground-only manifest permission REC-009 and SYS-001 states and SDK/static boundary,P05-E001; P05-E002; P05-E003; P10-E001; P10-E004; P10-E005; P10-E006,P10,P34 | P36,No background permission Worker online place search or reverse-geocoding dependency exists; static and device manifest checks fail closed.
REQ-056,需求/地图,聚类、热力图、金额/笔数、商户/地点汇总和完整筛选,ANA-011;ANA-012,MapModeSelector;MapClusterLayer;MapHeatLayer,缩放后从聚类平滑切到单点；地图有 attribution。,VERIFIED,P10 MapLibre foundation plus P27 four typed modes amount/count merchant/place aggregation full bound filters RTree viewport query sequential-teal cluster/heat/single overlays attribution accessible fallback and opaque detail drilldown,P10-E002; P10-E004; P27-E001; P27-E002; P27-E003; P27-E004; P27-E005,P27,P34 | P36,P27 owns and verifies the complete consumption-map flow; final cross-feature review remains P34/P36.
REQ-057,需求/附件,任意格式数量、私有复制、重命名、预览/外开、去重,REC-010;ATT-001..003,AttachmentList;SecureImagePreview,外部打开前确认；UI 不显示物理存储名；大文件可取消。,VERIFIED,P05 typed attachment port plus P10 streaming encrypted object store hash-size dedup Coil thumbnails one-time pipe Provider rename and ATT/REC state UI,P05-E001; P05-E002; P05-E003; P10-E001; P10-E002; P10-E003; P10-E005; P10-E006,P10,P34 | P36,Large imports are cancellable and failure-safe; physical names paths hashes and plaintext remain private and external opening requires an explicit consumed confirmation.
REQ-058,需求/快捷模板,模板进入完整表单，不直接保存,AUT-002..003;REC-026;REC-003,TemplateCard,点击模板后进入 REC-003，用户仍可修改全部字段。,VERIFIED,P23 immutable blueprint authoring plus searchable REC-026 in frozen record module opening the complete P13 form without direct save or runtime-only fields,P23-E001; P23-E002; P23-E004; P23-E006,P23,P34 | P36,P23 closes template authoring/selection; final cross-feature acceptance remains P34/P36.
REQ-059,需求/周期交易,复杂周期规则、正式/候选、幂等补齐、修改范围,AUT-004..010,RecurrenceRuleEditor;ScopeOptionCards,候选有明显未入账标识；修改出现三种范围选择。,VERIFIED,P23 deterministic closed recurrence rules immutable revisions/exceptions unique occurrence catch-up formal/candidate modes three scopes and fact-free candidate confirmation,P23-E001; P23-E002; P23-E003; P23-E004; P23-E005; P23-E006,P23,P34 | P36,P23 acceptance is complete; broader final acceptance remains P34/P36.
REQ-060,需求/批量录入,摘要表格+完整行编辑，整批校验提交与撤销,REC-023..025,BatchSummaryTable;AtomicCommitBar,任一错误默认禁止整批提交；成功后可按批次撤销。,VERIFIED,P24 complete in-memory rows governed virtualized summary/editor/validation one coordinator-owned BatchFinancialCommand audit and immutable whole-batch reversal,P24-E001; P24-E002; P24-E003; P24-E004; P24-E005; P24-E006,P24,P34 | P36,Any invalid row leaves the ledger unchanged; injected commit failure fully rolls back and exact replay is idempotent.
REQ-061,需求/批量编辑,限定允许字段，禁止金额等高风险字段,JRN-005..006,BulkEditableFieldList,不允许的字段不出现在批量编辑器。,VERIFIED,P15 query-selection and allowed-field coordinator batch finalized by P24 bounded selection and cross-feature static/UI replay,P15-E001; P15-E002; P15-E004; P15-E005; P24-E001; P24-E002; P24-E004; P24-E006,P24,P34 | P36,P24 confirms amount direction refund relation and settlement share remain absent while 500000 matches use query fingerprint plus exclusions.
REQ-062,需求/流水,日期分组、规定字段和多种标识,JRN-001,JournalTransactionRow,行同时显示分类、摘要、账户卡、账户币金额、必要原币与状态图标。,VERIFIED,P04 governed row plus P15 bounded Paging sticky local-date headers full typed amounts and state/source badges,P04-E003; P04-E005; P04-E007; P04-E008; P15-E003; P15-E005; P15-E006,P15,P34 | P36,P15 exact UI and 500000-row device evidence closes the journal list behavior.
REQ-063,需求/流水,收入/消费/退款/转账用颜色+图标+文字区分,JRN-001,TransactionTypeIndicator,关掉颜色/灰度截图下仍可通过图标和文字识别。,VERIFIED,P04 semantic colors/icons plus P15 rows always render an independent transaction-kind text label and governed icon,P04-E002; P04-E003; P04-E005; P15-E005; P15-E006,P15,P34 | P36,Kind is never represented by color alone; the structural UI matrix and exact golden preserve the icon and text channels.
REQ-064,需求/流水,账户详情显示运行余额，全局流水不显示,ACC-006;JRN-001,RunningBalanceColumn,同一交易在全局行不出现运行余额，在账户行出现。,VERIFIED,P04 optional UI model plus P15 application query accepts only an explicit account context for the running-balance window,P04-E003; P15-E004; P15-E005,P15,P34 | P36,API-36 SQLCipher test proves both global rows are null and both account-context rows carry balances.
REQ-065,需求/搜索筛选,完整维度、跨维度 AND、同维度 OR、保存默认方案,JRN-003;JRN-004,FilterBuilder,筛选摘要可读出逻辑；默认筛选可设置和清除。,VERIFIED,P04 filter UI contracts plus P15 complete typed SQL algebra natural summary and AEAD save/copy/default/reorder/delete store,P04-E003; P04-E007; P04-E008; P15-E002; P15-E003; P15-E004; P15-E005,P15,P34 | P36,FTS and geography are bounded candidates followed by exact predicates; presets contain no route or SavedState secrets.
REQ-066,需求/交易详情,展示所有关系、影响和完整历史,JRN-007..009,TransactionDetailSections,与交易有关但为空的区块隐藏；有值时都可到达对应详情。,VERIFIED,P15 typed detail reads user input account impact budget/statistics FX relationships place attachments source and immutable history/compare,P15-E001; P15-E004; P15-E005; P15-E006,P15,P34 | P36,Optional empty sections are omitted and populated sections/history/comparison are reachable through stable-ID routes.
REQ-067,需求/分析,至少20种固定报表和自定义仪表板,ANA-001..010,ReportCatalog;DashboardEditor,固定报表目录完整；自定义支持指标、维度、筛选、排序和规定图表。,VERIFIED,P25 completes the 20 fixed reports and bounded SQL compiler; P26 adds normalized revisioned custom definitions multiple dashboards copy reorder width compatibility preview drilldown and typed export interface,P04-E003; P25-E001; P25-E002; P25-E003; P25-E004; P26-E001; P26-E003; P26-E004,P25,P34 | P36,Complete acceptance is device and static verified; later phases only perform release regression.
REQ-068,需求/分析,图表摘要、可访问表格、饼图过多自动改条形图,ANA-003;ANA-009,AccessibleDataTable;VisualizationCompatibility,TalkBack 可先读摘要再进入数据表；类别>6时饼图不可选/自动转换。,VERIFIED,P04 governed chart/table foundation P25 fixed-report Vico rendering and P26 custom visualization compatibility explicit reason fallback summary and accessible exact table,P04-E003; P04-E007; P25-E002; P25-E004; P25-E005; P26-E002; P26-E004; P26-E005,P25,P34 | P36,Fixed and custom production rendering both prove the complete accessibility and visualization compatibility rule.
REQ-069,需求/异常预测,确定性规则，不使用AI,ANA-013;ANA-014,DeterministicMethodDisclosure,每个异常/预测可展开查看输入窗口、阈值与算法版本。,VERIFIED,Versioned exact-integer deterministic anomaly and forecast engines expose algorithm window threshold baseline assumptions recurrence and missing-data states through ANA-013/014,P26-E001; P26-E002; P26-E003; P26-E004; P26-E005,P26,P34 | P36,Same input Clock and algorithm version are golden/property verified; no AI SDK OCR formula or script execution surface exists.
REQ-070,需求/导航,底部固定五入口，更多功能承载其他模块,REC-001;JRN-001;ACC-001;BUD-001;ANA-001;G-006,LedgerNavigationBar,五项标签始终可见；更多入口位置一致。,VERIFIED,P04 closed five-item component/route contract plus P11 actual five-stack root and shared More entry,P04-E003; P04-E004; P04-E007; P04-E008; P11-E002; P11-E004,P11,P34 | P36,P11 verifies the global navigation entry; later feature items retain their own screen phases.
REQ-071,需求/冷启动,默认记账-支出；短暂返回恢复原页且可配置,G-001;REC-001;SETG-001,SessionRestorePolicy,自动化测试覆盖冷启动和后台恢复两种策略。,VERIFIED,P11 cold encrypted startup to REC-001 EXPENSE plus short-background memory and safe always-last-page Proto policy,P11-E002; P11-E003,P11,P34 | P36,P11 device/JVM evidence covers both frozen restore policies.
REQ-072,需求/小组件,九类小组件，金额默认隐藏，快速记账不直接保存,WGT-001..003,WidgetPreview;AmountPrivacy,新组件默认隐藏金额；点击快速记账只打开表单。,NOT_STARTED,,,P33,P34 | P36,P00 baseline only; implementation not claimed.
REQ-073,需求/导入,CSV/Excel通用和结构化导入、暂存、预览、校验、重复处理,IMP-001..010,ImportWizard,导入前主账本无变化；用户可从错误跳到来源行。,VERIFIED,P28 Commons CSV and FastExcel streams independent SQLCipher staging previews mapping FX validation explicit duplicate resolution 15-kind structured preparation atomic commit audit history and undo across IMP-001..010,P28-E001; P28-E002; P28-E003; P28-E004; P28-E005; P28-E006,P28,P34 | P36,P28 verifies complete general and structured import without primary-ledger mutation before commit.
REQ-074,需求/导出,筛选CSV、全量Excel、报表图/PDF/Excel、加密备份,EXP-001..004;ANA-010;BKP-001..007,ExportTypeCards,保险库完整字段永不在CSV/Excel字段列表出现。,VERIFIED,P26 typed report payload plus P29 current-filter Commons CSV complete 15-sheet FastExcel workbook report CSV/XLSX/PdfDocument/PNG encrypted operation and atomic SAF delivery plus P30 separately encrypted managed and portable complete backup,P26-E001; P26-E003; P26-E004; P29-E001; P29-E002; P29-E003; P29-E004; P29-E005; P29-E006; P30-E001; P30-E002; P30-E003; P30-E005; P30-E006,P29,P34 | P36,P29 and P30 together close every listed output type while preserving the hard ordinary-export/complete-backup separation and closed sensitive field vocabulary.
REQ-075,需求/备份,始终加密、附件历史、可选保险库、保留策略、本地/Drive,BKP-001..007,BackupStatusHero;IncludeVaultToggle,未设置恢复密码时不能启用包含保险库；备份状态可验证。,VERIFIED,P09 device/recovery key hierarchy plus P30 authenticated logical-full repository ZIP64 portable backup attachment/history reuse optional ciphertext-only Vault configurable retention local/SAF/Drive transport and verified UI,P09-E001; P09-E004; P30-E001; P30-E002; P30-E003; P30-E004; P30-E005; P30-E006,P30,P34 | P36,P30 verifies the complete backup requirement; later restore/release reviews must consume but not weaken its immutable manifest and recovery-password boundaries.
REQ-076,需求/恢复,替换/同账本合并、安全快照、完整性检查、失败回滚,RST-001..007,RestoreModeCards;SafetySnapshotNotice,不兼容账本ID/本位币阻止合并；失败后显示已回滚。,IN_PROGRESS,P09 no-backdoor recovery-password unwrap and RecoveryRequired session disposition foundation,P09-E001; P09-E002,P31,P34 | P36,P09 does not implement restore validation shadow exchange merge rollback or UI; those remain P31.
REQ-077,需求/保险库,每次查看/复制认证，安全码禁复制，30秒/后台隐藏，禁截屏,VLT-001..004,SensitiveValueField;AuthenticationGate,自动化与真机测试覆盖每次认证、超时和后台切换。,IN_PROGRESS,P09 separate auth-per-use VaultAuthenticationKEK and Vault DEK one-action CryptoObject service with no security-code copy and bounded plaintext registry,P09-E001; P09-E004,P32,P34 | P36,P09 device-proves two independent authenticated vault actions and credential-removal failure; vault UI clipboard and screenshot acceptance remain P32.
REQ-078,需求/应用锁,默认关闭，多种超时，最近任务遮挡，可选全局禁截屏,SETG-006;SETG-007;G-002,LockScreen,所有超时选项存在；保险库安全策略不受全局开关影响。,IN_PROGRESS,P09 app-lock/privacy policy plus P11 Activity lifecycle BiometricPrompt lock screen and onboarding timeout choices,P09-E001; P09-E002; P11-E003; P11-E004,P32,P34 | P36,P11 wires runtime/first-run UI; complete settings screens remain P32.
REQ-079,需求/本地清除,只清本机；云端备份删除独立认证确认,CLR-001;CLR-002,TypedConfirmation,本地清除说明明确不删除导出文件/Drive；云端删除是独立流程。,IN_PROGRESS,P09 narrowly scoped local device/vault envelope and Keystore-key destruction primitive,P09-E002; P09-E003,P32,P34 | P36,P09 does not implement either clear-data UI or cloud-backup deletion and does not conflate the two workflows.
REQ-080,需求/遥测,首次确认前不发送，分别开关，可查看删除队列,ONB-005;SETG-009..011,ConsentToggle;QueueList,关闭后队列立即为空；UI 不显示业务数据字段。,IN_PROGRESS,P09 strengthened production logging telemetry SavedState and raw-secret static rejection plus redacted security exceptions,P09-E002; P09-E005,P32,P34 | P36,P09 establishes only the secret-leak boundary; consent transport queue visibility and deletion behavior remain P32.
REQ-081,需求/首次启动,十步顺序，账户/分类可跳过，无示例数据,ONB-001..010,OnboardingScaffold,步骤顺序固定；跳过后应用为空状态。,VERIFIED,P11 exact ten-step typed onboarding optional account/category/recovery and encrypted empty-book bootstrap,P11-E002; P11-E003; P11-E004; P11-E005,P11,P34 | P36,P11 creates no example transaction/fact and optional skips reach the empty expense root.
REQ-082,需求/国际化,简中、日语、英语；地区格式可覆盖,ONB-001;SETG-003..005,LocalizedText;FormatPreview,三语截图测试；长文案不截断。,IN_PROGRESS,P11 immediate root locale context and three-language resources; P14 adds three-language currency search visibility and ordering at compact width,P11-E004; P11-E005; P14-E005; P14-E006,P34,P36,SETG-004 is verified by P14; SETG-003/005 and full feature language acceptance remain P33/P34.
REQ-083,需求/无障碍,浅深、动态色、大字体、TalkBack、减少动画、触控目标、非颜色唯一,全局,LedgerTheme;AccessibleChart;TouchTarget,200%字体、TalkBack、灰度、减少动画和48dp触控目标均通过测试。,IN_PROGRESS,P02/P04 design-system accessibility foundation plus P11 65-state semantic leak width font theme dynamic and locale matrix,P02-E001; P02-E008; P04-E002; P04-E007; P04-E008; P11-E004; P11-E005,P34,P36,P11 covers G/ONB automation; feature-wide TalkBack/manual grayscale acceptance remains P34.
REQ-084,需求/性能,50万交易、分页、流式大型操作,JRN-001;IMP-008;EXP-004;BKP-001;RST-006,PagedList;OperationProgressPanel,列表不显示全量计数前阻塞；长操作持续进度、可安全取消并恢复。,IN_PROGRESS,P02 benchmark P07 durable operation schema P08 keyset queries P11 governed operation center P28 100000-row bounded encrypted import P29 100000-row bounded export and P30 48 GiB sparse encrypted Drive stream with durable progress safe cancel encrypted checkpoints crash recovery SAF cleanup and final-manifest idempotence,P02-E002; P02-E007; P02-E008; P07-E001; P07-E003; P08-E001; P08-E002; P08-E003; P11-E004; P28-E002; P28-E003; P28-E004; P28-E005; P28-E006; P29-E002; P29-E003; P29-E004; P29-E006; P30-E002; P30-E004; P30-E005; P30-E006,P35,P36,P30 closes the import/export/backup performance slices; restore and final cross-operation release replay remain P31-P35 so the cross-stage requirement remains IN_PROGRESS.
REQ-085,架构/UI导航,五个顶层各自独立back stack，导航参数只传稳定ID,全局路由契约,NavigationContract,静态检查禁止金额、备注、完整对象进入route。,VERIFIED,P04 typed all-screen route contract plus P11 real Navigation 3 five stacks safe Proto snapshot and Ready-only gate,P02-E001; P02-E004; P04-E004; P04-E005; P04-E009; P11-E001; P11-E002; P11-E003,P04,P34 | P36,P11 verifies actual root navigation without broadening the frozen route argument types.
REQ-086,架构/表单状态,未保存表单仅内存，SavedState不存敏感数据,REC-003;REC-023;AUT-003,SensitiveStatePolicy,进程重建后回到安全入口并说明未保存内容丢失；SavedState审计无敏感字段。,IN_PROGRESS,P02/P09 sensitive-state rejection plus P11 safe Proto schema and root process-loss banner consumption,P02-E003; P02-E004; P07-E002; P07-E003; P09-E001; P09-E002; P11-E001; P11-E002,P09,P34 | P36,P11 provides the root mechanism; complete feature-form process death acceptance remains owning phases.
REQ-087,架构/应用状态,Locked/Opening/Maintenance/RecoveryRequired状态完整,G-001..005,SessionGate,维护期间所有业务写按钮不可达。,VERIFIED,P09 BookSessionManager runtime plus P11 unique Compose SessionGate Ready-only routes and session-aware coordinator write gate,P02-E001; P09-E001; P09-E003; P11-E002; P11-E003; P11-E004; P11-E005,P11,P34 | P36,P11 verifies every G-001..005 state and blocks both navigation and financial writes outside Ready.
REQ-088,领域/修订冲突,编辑使用expectedRevision，冲突不得静默覆盖,REC-003;JRN-007,ConflictDialog,冲突时提供重新加载、查看差异、取消，不提供无提示强制覆盖。,IN_PROGRESS,P05 expectedRevision P06 validation P08 persisted recheck P13 reload/cancel editor state and P15 expected-revision history/compare mutations,P05-E001; P05-E002; P05-E003; P06-E001; P06-E002; P06-E003; P08-E002; P08-E003; P13-E004; P15-E002; P15-E004; P15-E005,P08,P34 | P36,Stale writes cannot commit and JRN comparison is reachable; final cross-feature conflict-dialog acceptance remains P34.
REQ-089,领域/清除墓碑,合并恢复中清除墓碑优先旧实体,RST-005,PurgeTombstoneConflictCard,冲突卡明确显示该项已被永久清除且不能选择旧版本复活。,IN_PROGRESS,P05 typed purge precedence P07 normalized tombstone/merge records and P08 Room tombstone mapping with normal command/repository purge fail-closed,P05-E001; P05-E002; P05-E003; P07-E001; P07-E003; P08-E001; P08-E003,P31,P34 | P36,P08 prevents ordinary physical purge and exposes typed tombstone reads; three-way merge precedence and conflict UI remain P31.
REQ-090,技术/UI栈,Compose+Material3、Navigation3、Glance、MapLibre、Vico,全局,core:designsystem wrappers,feature模块不得建立XML页面或第二套主题；地图/图表使用统一包装。,IN_PROGRESS,P01 frozen stack plus P04 governed Material Navigation3 Vico adapter Map/Glance restricted contracts and feature static gates,P01-E002; P01-E004; P04-E003; P04-E004; P04-E005; P04-E007; P04-E008,P01,P34 | P36,P04 establishes the required wrappers; actual MapLibre/Vico/Glance SDK capability remains P26/P33 and feature-wide review P34.
