screen_id,group,module,route,title,presentation,params,result,required_states,primary_components,notes,requirement_ids,source,status,implementation_evidence,verification_evidence,target_phase
G-001,全局运行态,:app,session-gate,会话入口,system,,,uninitialized | locked | opening | maintenance | recoveryRequired | ready,LedgerSessionGate,唯一根入口；不显示业务数据。,REQ-001 | REQ-002 | REQ-071 | REQ-087,android_ledger_screen_contract_v1.yaml#screens,VERIFIED,P11 AppRootState and unique SessionGate over production BookSessionManager,P11-E003; P11-E004; P11-E005; P11-E006,P11
G-002,全局运行态,:core:security,app-lock,应用已锁定,fullScreen,,,biometricAvailable | credentialOnly | authenticating | authFailed | lockedOut,LockScreen | AuthenticationAction,禁止截屏时继承 FLAG_SECURE；认证成功只解锁应用 UI，不解锁保险库。,REQ-078 | REQ-087,android_ledger_screen_contract_v1.yaml#screens,VERIFIED,P11 LockScreen plus Activity BiometricPrompt and inherited P09 privacy controller,P11-E003; P11-E004; P11-E005; P11-E006,P11
G-003,全局运行态,:app,opening-book,正在打开账本,fullScreen,,,opening | migrationDetected | failed,CenteredProgressState,超过150ms才展示；不得显示数据库路径或原始异常。,REQ-087,android_ledger_screen_contract_v1.yaml#screens,VERIFIED,P11 OpeningBookScreen with token skeleton delay and sanitized failure,P11-E004; P11-E005; P11-E006,P11
G-004,全局运行态,:app,maintenance,正在维护账本,fullScreen,operationId:StableId,,preparing | running | nonCancelable | cancelable | failed | succeeded,OperationProgressPanel,禁止新的财务写入；可取消仅由 operation capability 决定。,REQ-087,android_ledger_screen_contract_v1.yaml#screens,VERIFIED,P11 MaintenanceScreen and session-aware FinancialMutationCoordinator write gate,P11-E002; P11-E004; P11-E005; P11-E006,P11
G-005,全局运行态,:app,recovery-required,需要恢复账本,fullScreen,,,corrupt | keyUnavailable | projectionFailure | restoreAvailable | noBackup,RecoveryActions | DiagnosticCode,只显示脱敏错误码；提供重试、从备份恢复、清除本机数据。,REQ-087,android_ledger_screen_contract_v1.yaml#screens,VERIFIED,P11 sanitized RecoveryRequiredScreen retry/restore/local-clear high-risk paths,P11-E004; P11-E005; P11-E006,P11
G-006,全局导航,:app,more,更多功能,root,,,content | badgeUpdates | operationInProgress,FeatureHubSection | FeatureHubItem,所有顶层页面右上角使用同一入口。,REQ-070,android_ledger_screen_contract_v1.yaml#screens,VERIFIED,P11 shared More route and governed feature hub states,P11-E002; P11-E004; P11-E005,P11/P33
G-007,后台操作,:core:background,operations,操作中心,fullScreen,,,active | paused | failed | completed | empty,OperationListItem | OperationStatusBadge,导入、导出、备份、恢复等长任务统一入口。,,android_ledger_screen_contract_v1.yaml#screens,VERIFIED,P11 governed operation center shell and exact status presentations,P11-E004; P11-E005,P11/P33
G-008,全局帮助,:feature:settings,help/{topicKey},帮助,fullScreen,topicKey:String,,content | notFound,HelpArticle,仅接收白名单 topicKey，不接收自由 URL。,,android_ledger_screen_contract_v1.yaml#screens,VERIFIED,P11 offline allowlisted help topic route and not-found state,P11-E001; P11-E004; P11-E005,P11/P33
ONB-001,首次启动,:feature:onboarding,onboarding/language,选择界面语言,fullScreen,,,content | validationError | submitting,OnboardingScaffold | LanguageOption,显示步骤进度；可选步骤提供“稍后设置”；不得创建示例数据。,REQ-002 | REQ-081 | REQ-082,android_ledger_screen_contract_v1.yaml#screens,VERIFIED,P11 typed step and immediate three-language Compose root locale,P11-E002; P11-E003; P11-E004; P11-E005,P11
ONB-002,首次启动,:feature:onboarding,onboarding/base-currency,选择本位币,fullScreen,,,content | validationError | submitting,OnboardingScaffold | CurrencySearch | CurrencyOption,显示步骤进度；可选步骤提供“稍后设置”；不得创建示例数据。,REQ-002 | REQ-081,android_ledger_screen_contract_v1.yaml#screens,VERIFIED,P11 typed currency search/selection and Proto persistence,P11-E002; P11-E003; P11-E004; P11-E005,P11
ONB-003,首次启动,:feature:onboarding,onboarding/time-zone,确认默认时区,fullScreen,,,content | validationError | submitting,OnboardingScaffold | TimeZoneSearch | CurrentTimePreview,显示步骤进度；可选步骤提供“稍后设置”；不得创建示例数据。,REQ-002 | REQ-081,android_ledger_screen_contract_v1.yaml#screens,VERIFIED,P11 typed zone selection and encrypted empty-book initialization,P11-E002; P11-E003; P11-E004; P11-E005,P11
ONB-004,首次启动,:feature:onboarding,onboarding/privacy-policy,隐私政策,fullScreen,,,content | validationError | submitting,OnboardingScaffold | PolicyDocument | RequiredConsent,显示步骤进度；可选步骤提供“稍后设置”；不得创建示例数据。,REQ-002 | REQ-081,android_ledger_screen_contract_v1.yaml#screens,VERIFIED,P11 required privacy consent validation and typed persistence,P11-E002; P11-E003; P11-E004; P11-E005,P11
ONB-005,首次启动,:feature:onboarding,onboarding/telemetry,诊断与功能统计,fullScreen,,,content | validationError | submitting,OnboardingScaffold | ConsentToggle | PrivacySummary,显示步骤进度；可选步骤提供“稍后设置”；不得创建示例数据。,REQ-002 | REQ-080 | REQ-081,android_ledger_screen_contract_v1.yaml#screens,VERIFIED,P11 explicit independent telemetry/crash choices default disabled,P11-E002; P11-E003; P11-E004; P11-E005,P11
ONB-006,首次启动,:feature:onboarding,onboarding/app-lock,应用锁,fullScreen,,,content | validationError | submitting,OnboardingScaffold | SecurityCapabilityCard | TimeoutSelector,显示步骤进度；可选步骤提供“稍后设置”；不得创建示例数据。,REQ-002 | REQ-081,android_ledger_screen_contract_v1.yaml#screens,VERIFIED,P11 optional app-lock capability and closed timeout selector,P11-E002; P11-E003; P11-E004; P11-E005,P11
ONB-007,首次启动,:feature:onboarding,onboarding/backup,恢复密码与备份,fullScreen,,,content | validationError | submitting,OnboardingScaffold | RecoveryPasswordSetupCard | BackupDestinationCard,显示步骤进度；可选步骤提供“稍后设置”；不得创建示例数据。,REQ-002 | REQ-081,android_ledger_screen_contract_v1.yaml#screens,VERIFIED,P11 optional Argon2id wrapped verifier setup and bounded plaintext clearing,P11-E001; P11-E002; P11-E004; P11-E005; P11-E006,P11
ONB-008,首次启动,:feature:onboarding,onboarding/account,创建第一个账户,fullScreen,,,content | validationError | submitting,OnboardingScaffold | EmbeddedAccountSetup | SkipAction,显示步骤进度；可选步骤提供“稍后设置”；不得创建示例数据。,REQ-002 | REQ-081,android_ledger_screen_contract_v1.yaml#screens,VERIFIED,P11 optional typed first-account metadata or truthful skip to empty state,P11-E002; P11-E003; P11-E004; P11-E005,P11
ONB-009,首次启动,:feature:onboarding,onboarding/category,创建第一个分类,fullScreen,,,content | validationError | submitting,OnboardingScaffold | EmbeddedCategorySetup | SkipAction,显示步骤进度；可选步骤提供“稍后设置”；不得创建示例数据。,REQ-002 | REQ-081,android_ledger_screen_contract_v1.yaml#screens,VERIFIED,P11 optional typed first-category metadata or truthful skip to empty state,P11-E002; P11-E003; P11-E004; P11-E005,P11
ONB-010,首次启动,:feature:onboarding,onboarding/complete,设置完成,fullScreen,,,content | validationError | submitting,OnboardingScaffold | CompletionSummary,显示步骤进度；可选步骤提供“稍后设置”；不得创建示例数据。,REQ-002 | REQ-081,android_ledger_screen_contract_v1.yaml#screens,VERIFIED,P11 completion summary and cold-ready handoff to REC-001 EXPENSE,P11-E002; P11-E003; P11-E004; P11-E005,P11
REC-001,记账,:feature:record,record/{tab},记账,topLevel,tab:EXPENSE|INCOME|OTHER,,content | noCategories | searching | loading,RecordTopTabs | QuickTemplateStrip | CategoryGrid | OtherTransactionGrid | LedgerSaveFab,冷启动默认 EXPENSE；支出和收入分类树完全独立。,REQ-016 | REQ-018 | REQ-019 | REQ-028 | REQ-070 | REQ-071,android_ledger_screen_contract_v1.yaml#screens,NOT_STARTED,,,P13
REC-002,记账,:feature:record,record/category-search/{direction},搜索分类,fullScreen,direction:EXPENSE|INCOME,CategoryId?,typing | results | empty,SearchField | CategorySearchResults,,,android_ledger_screen_contract_v1.yaml#screens,NOT_STARTED,,,P13
REC-003,记账,:feature:record,record/editor/{mode}/{transactionId?},交易编辑器,fullScreen,mode:CREATE|EDIT|DUPLICATE|TEMPLATE|CANDIDATE | transactionId:StableId?,,loading | editing | validating | saving | saveError | revisionConflict,TransactionEditorScaffold | CategorySelector | MoneyExpressionField | AccountCardSelector | MerchantSelector | DateTimeZoneField | ProjectSelector | SettlementSection | LocationField | NoteField | AttachmentField | AdvancedSemanticsSection | LedgerSaveFab,所有字段在同一纵向页面；互请默认折叠；未保存表单只驻留 ViewModel 内存。,REQ-014 | REQ-015 | REQ-023 | REQ-024 | REQ-025 | REQ-026 | REQ-027 | REQ-028 | REQ-029 | REQ-030 | REQ-037 | REQ-052 | REQ-054 | REQ-058 | REQ-086 | REQ-088,android_ledger_screen_contract_v1.yaml#screens,NOT_STARTED,,,P13
REC-004,记账,:feature:record,record/category-picker/{direction}/{selectedId?},选择分类,fullScreen,direction:EXPENSE|INCOME | selectedId:StableId?,CategoryId,content | empty | searching,CategoryGrid | CategorySearchAction,交易重新选择分类必须复用完整分类网格。,REQ-019 | REQ-020,android_ledger_screen_contract_v1.yaml#screens,NOT_STARTED,,,P13
REC-005,记账,:feature:record,record/account-picker/{allowedTypes},选择账户,fullScreen,allowedTypes:enumMask,AccountId,content | empty,SearchField | AccountOptionRow,,,android_ledger_screen_contract_v1.yaml#screens,NOT_STARTED,,,P13
REC-006,记账,:feature:record,record/card-picker/{accountId},选择实体卡,sheet,accountId:StableId,CardId?,content | empty,CardOptionRow | NoneOption,,REQ-012,android_ledger_screen_contract_v1.yaml#screens,NOT_STARTED,,,P13
REC-007,记账,:feature:record,record/merchant-picker,选择商户,fullScreen,,MerchantId?,recent | results | empty | create,SearchField | MerchantSuggestionRow | CreateInlineAction,,REQ-053,android_ledger_screen_contract_v1.yaml#screens,NOT_STARTED,,,P13
REC-008,记账,:feature:record,record/project-picker,选择项目,fullScreen,,ProjectId?,active | archivedWarning | empty,SearchField | ProjectOptionRow | NoneOption,,,android_ledger_screen_contract_v1.yaml#screens,NOT_STARTED,,,P13
REC-009,记账,:feature:record,record/location-editor/{locationId?},位置,fullScreen,locationId:StableId?,LocationSnapshot?,locating | located | permissionDenied | timeout | manual | mapUnavailable,MapLibreMap | MapPin | LocationAccuracyPanel | PlaceSelector,手动移动地图点后返回最终坐标；不在线搜索或反向地理编码。,REQ-054 | REQ-055,android_ledger_screen_contract_v1.yaml#screens,IN_PROGRESS,P10 state-driven location editor UI plus injected LedgerMap boundary; P13 owns complete record form/application wiring,P10-E004; P10-E005,P10/P13
REC-010,记账,:feature:record,record/attachments,附件,fullScreen,,AttachmentSelection,content | empty | importing | failed,AttachmentList | AddAttachmentAction | AttachmentProgressRow,允许任意数量和格式；大文件显示流式进度与取消。,REQ-057,android_ledger_screen_contract_v1.yaml#screens,IN_PROGRESS,P10 arbitrary attachment list import progress cancellation and failure state UI; P13 owns complete record form/application wiring,P10-E003; P10-E005,P10/P13
REC-011,记账,:feature:record,record/settlement-allocation/{activityId},互请分配,fullScreen,activityId:StableId,SettlementAllocation,editing | imbalanced | valid | currencyMismatch,PayerSelector | SplitModeTabs | ParticipantShareTable | FeeDistribution | RoundingRule | SettlementSummary,显示“本人承担”和“他人承担”，不显示借贷术语。,REQ-026 | REQ-043,android_ledger_screen_contract_v1.yaml#screens,NOT_STARTED,,,P13/P22
REC-012,记账,:feature:record,record/other,其他交易,embedded,,,content,OtherTransactionGrid,,REQ-017,android_ledger_screen_contract_v1.yaml#screens,NOT_STARTED,,,P13
REC-013,其他交易,:feature:record,record/transfer/{transactionId?},内部转账,fullScreen,transactionId:StableId?,,editing | sameAccountError | fxRequired | saving,FromAccountField | ToAccountField | MoneyExpressionField | FxEvidenceSection | DateTimeZoneField | NoteField | AttachmentField | LedgerSaveFab,,REQ-014 | REQ-015 | REQ-017 | REQ-024 | REQ-027,android_ledger_screen_contract_v1.yaml#screens,NOT_STARTED,,,P14
REC-014,其他交易,:feature:record,record/credit-payment/{transactionId?},信用卡还款,fullScreen,transactionId:StableId?,,editing | overpaymentBlocked | unallocated | saving,PaymentAccountField | CreditAccountField | AmountField | PaymentAllocationSection | DateTimeZoneField | LedgerSaveFab,明确提示“软件记账不代表银行扣款成功”。,REQ-017 | REQ-024 | REQ-027 | REQ-038,android_ledger_screen_contract_v1.yaml#screens,NOT_STARTED,,,P19
REC-015,其他交易,:feature:record,record/refund/{transactionId?},退款,fullScreen,transactionId:StableId?,,linked | independent | partiallyRefunded | exceedsRemaining | saving,OriginalTransactionField | RefundAmountField | ReceivingAccountField | InheritedFields | RefundBudgetPolicy | RefundProjectPolicy | RefundGoalPolicy | AdvancedExcessOverride | LedgerSaveFab,,REQ-017 | REQ-024 | REQ-027 | REQ-034 | REQ-035,android_ledger_screen_contract_v1.yaml#screens,NOT_STARTED,,,P16
REC-016,其他交易,:feature:record,record/refund/original-picker,选择原交易,fullScreen,,TransactionId,content | empty | searching,SearchField | RefundableTransactionRow | FilterChips,,REQ-017 | REQ-024 | REQ-027 | REQ-034,android_ledger_screen_contract_v1.yaml#screens,NOT_STARTED,,,P16
REC-017,其他交易,:feature:record,record/loan-operation,贷款操作,fullScreen,,,content,LoanOperationTypeList,,REQ-017 | REQ-024 | REQ-027,android_ledger_screen_contract_v1.yaml#screens,NOT_STARTED,,,P21
REC-018,其他交易,:feature:record,record/loan-disbursement/{contractId?},贷款放款,fullScreen,contractId:StableId?,,editing | allocationError | saving,LoanContractField | ReceivingAccountField | TrancheAllocation | AmountField | DateTimeZoneField | LedgerSaveFab,,REQ-017 | REQ-024 | REQ-027,android_ledger_screen_contract_v1.yaml#screens,NOT_STARTED,,,P21
REC-019,其他交易,:feature:record,record/loan-payment/{contractId?},贷款还款,fullScreen,contractId:StableId?,,editing | principalExceeded | sumMismatch | saving,LoanContractField | PaymentAccountField | PaymentComponentsEditor | ScheduleItemPicker | AmountReconciliation | LedgerSaveFab,,REQ-017 | REQ-024 | REQ-027,android_ledger_screen_contract_v1.yaml#screens,NOT_STARTED,,,P21
REC-020,其他交易,:feature:record,record/balance-adjustment/{accountId?},余额调整,fullScreen,accountId:StableId?,,editing | saving,AccountField | DirectionSelector | AmountField | CheckpointLink | NoIncomeExpenseBanner | LedgerSaveFab,,REQ-017 | REQ-024 | REQ-027,android_ledger_screen_contract_v1.yaml#screens,NOT_STARTED,,,P14
REC-021,其他交易,:feature:record,record/fx-exchange,外币兑换,fullScreen,,,editing | sameCurrencyInfo | rateMismatch | saving,FromAccountField | ToAccountField | OutgoingAmountField | IncomingAmountField | EffectiveRateSummary | FxCostSection | LedgerSaveFab,,REQ-014 | REQ-015 | REQ-017 | REQ-024 | REQ-027,android_ledger_screen_contract_v1.yaml#screens,NOT_STARTED,,,P14
REC-022,其他交易,:feature:record,record/opening-balance/{accountId},期初余额,fullScreen,accountId:StableId,,editing | immutableCurrency | saving,OpeningDateField | AmountField | NoStatisticsBanner | LedgerSaveFab,,REQ-027,android_ledger_screen_contract_v1.yaml#screens,NOT_STARTED,,,P14
REC-023,批量录入,:feature:record,record/batch,批量录入,fullScreen,,,editing | validating | errors | readyToCommit | committing,BatchSummaryTable | BatchToolbar | BatchCommitBar,默认整批全有或全无；表格仅为摘要，复杂字段进入完整行编辑器。,REQ-060 | REQ-086,android_ledger_screen_contract_v1.yaml#screens,NOT_STARTED,,,P24
REC-024,批量录入,:feature:record,record/batch/row/{rowId},编辑第 {row} 行,fullScreen,rowId:StableId,BatchRowDraft,editing | validationError,TransactionEditorScaffold,,REQ-060,android_ledger_screen_contract_v1.yaml#screens,NOT_STARTED,,,P24
REC-025,批量录入,:feature:record,record/batch/validation,批量校验结果,fullScreen,,,errors | warnings | valid,ValidationSummary | ErrorRowList | JumpToRowAction,,REQ-060,android_ledger_screen_contract_v1.yaml#screens,NOT_STARTED,,,P24
REC-026,快捷模板,:feature:record,record/template-picker,选择快捷模板,fullScreen,,TemplateId,content | empty,SearchField | TemplateCard,,REQ-058,android_ledger_screen_contract_v1.yaml#screens,NOT_STARTED,,,P23
REC-027,分期录入,:feature:liabilities,record/installment-setup/{purchaseTransactionId?},信用卡分期,fullScreen,purchaseTransactionId:StableId?,,editing | preview | invalid | saving,CreditAccountField | PrincipalSummary | FeeModelSelector | TermCountField | RateFields | SchedulePreview | LedgerSaveFab,,REQ-040,android_ledger_screen_contract_v1.yaml#screens,NOT_STARTED,,,P20
JRN-001,流水,:feature:journal,journal,流水,topLevel,,,loading | content | empty | error | refreshing,JournalSearchAction | ActiveFilterRow | PagedTransactionList | DateStickyHeader | JournalTransactionRow,默认按发生时间倒序；全局流水不显示运行余额。,REQ-042 | REQ-062 | REQ-063 | REQ-064 | REQ-070 | REQ-084,android_ledger_screen_contract_v1.yaml#screens,NOT_STARTED,,,P15
JRN-002,流水,:feature:journal,journal/search,搜索流水,fullScreen,,,idle | typing | results | empty | error,SearchField | SearchScopeSummary | PagedTransactionList,,,android_ledger_screen_contract_v1.yaml#screens,NOT_STARTED,,,P15
JRN-003,流水,:feature:journal,journal/filter/{presetId?},筛选,fullScreen,presetId:StableId?,FilterSpec,editing | invalid | applying,FilterDimensionSections | MultiSelectPicker | DateRangeField | AmountRangeField | LocationRadiusField | StickyApplyBar,,REQ-065,android_ledger_screen_contract_v1.yaml#screens,NOT_STARTED,,,P15
JRN-004,流水,:feature:journal,journal/saved-filters,已保存筛选,fullScreen,,FilterPresetId?,content | empty,SavedFilterRow | SetDefaultAction | ReorderAction,,REQ-065,android_ledger_screen_contract_v1.yaml#screens,NOT_STARTED,,,P15
JRN-005,流水,:feature:journal,journal/selection,批量选择,mode,,,someSelected | allMatchingSelected | queryChanged,SelectionTopBar | PagedTransactionList | SelectionBottomBar,支持“全选当前筛选结果”，不得将全部记录载入内存。,REQ-061,android_ledger_screen_contract_v1.yaml#screens,NOT_STARTED,,,P15/P24
JRN-006,流水,:feature:journal,journal/bulk-edit,批量编辑,fullScreen,,,editing | validating | committing | failed | succeeded,BulkEditableFieldList | ChangeSummary | AtomicCommitBar,禁止批量修改金额、方向、退款关系和互请份额。,REQ-061,android_ledger_screen_contract_v1.yaml#screens,NOT_STARTED,,,P15/P24
JRN-007,交易详情,:feature:journal,journal/transaction/{transactionId},交易详情,fullScreen,transactionId:StableId,,loading | active | trashed | dependencyWarning | notFound,TransactionHero | TransactionStatusChips | UserInputSection | AccountImpactSection | BudgetSemanticsSection | FxSection | RelationshipSections | LocationSection | AttachmentSection | SourceSection | HistoryPreview | TransactionActions,,REQ-006 | REQ-007 | REQ-014 | REQ-030 | REQ-035 | REQ-066 | REQ-088,android_ledger_screen_contract_v1.yaml#screens,NOT_STARTED,,,P15
JRN-008,交易详情,:feature:journal,journal/transaction/{transactionId}/history,修改历史,fullScreen,transactionId:StableId,,content | singleRevision,RevisionTimeline | RevisionActionBadge | FieldChangeSummary,,REQ-031 | REQ-066,android_ledger_screen_contract_v1.yaml#screens,NOT_STARTED,,,P15
JRN-009,交易详情,:feature:journal,journal/transaction/{transactionId}/compare/{leftRevisionId}/{rightRevisionId},版本对比,fullScreen,transactionId:StableId | leftRevisionId:StableId | rightRevisionId:StableId,,content | loading,RevisionCompareTable | RestoreRevisionAction,,REQ-031 | REQ-066,android_ledger_screen_contract_v1.yaml#screens,NOT_STARTED,,,P15
JRN-010,交易详情,:feature:journal,journal/transaction/{transactionId}/dependencies,影响范围,fullScreen,transactionId:StableId,DependencyStrategy,content | noDependencies | blocked,DependencyTree | StrategyOptionCards | ImpactSummary,,,android_ledger_screen_contract_v1.yaml#screens,NOT_STARTED,,,P15
JRN-011,回收站,:feature:journal,journal/trash,回收站,fullScreen,,,content | empty | selection,TrashRetentionBanner | PagedTrashList | RestoreAction | PurgeAction,,REQ-032,android_ledger_screen_contract_v1.yaml#screens,NOT_STARTED,,,P15
JRN-012,回收站,:feature:journal,journal/purge/{transactionId},永久删除,dialog,transactionId:StableId,,eligible | notEligible | verifying | purging,HighRiskConfirmation | DependencySummary,只有已完全冲销且依赖处理完成的交易才可清除。,REQ-032,android_ledger_screen_contract_v1.yaml#screens,NOT_STARTED,,,P15/P31
ACC-001,账户,:feature:accounts,accounts,账户,topLevel,,,content | noAccounts | valuationStale | error,NetFinancialAssetSummary | AmountVisibilityAction | AccountSection | AccountSummaryCard | AddAccountAction,指标名称固定为“核心净金融资产”和“调整后净金融头寸”。,REQ-008 | REQ-009 | REQ-070,android_ledger_screen_contract_v1.yaml#screens,NOT_STARTED,,,P12
ACC-002,账户,:feature:accounts,accounts/type-picker,选择账户类型,fullScreen,,AccountType,content,AccountTypeCard,,REQ-009,android_ledger_screen_contract_v1.yaml#screens,NOT_STARTED,,,P12
ACC-003,账户,:feature:accounts,accounts/editor/{accountId?},账户设置,fullScreen,accountId:StableId?,,create | edit | currencyLocked | validationError | saving,AccountBasicFields | CurrencyField | DisplayStyleFields | TypeSpecificFields | StickySaveBar,,REQ-009 | REQ-013,android_ledger_screen_contract_v1.yaml#screens,NOT_STARTED,,,P12
ACC-004,账户,:feature:accounts,accounts/editor/{accountId}/opening-balance,期初余额,fullScreen,accountId:StableId,,editing | saving,OpeningBalanceForm | NoStatisticsBanner,,REQ-009,android_ledger_screen_contract_v1.yaml#screens,NOT_STARTED,,,P12
ACC-005,账户详情,:feature:accounts,accounts/{accountId},账户详情,fullScreen,accountId:StableId,,active | archived | emptyTransactions | valuationUnavailable,AccountBalanceHero | AvailableBalanceRow | ValuationInfo | BalanceTrendChart | AccountActionRow | CardsSection | GoalsSection | RecentTransactions,,REQ-009 | REQ-051,android_ledger_screen_contract_v1.yaml#screens,NOT_STARTED,,,P12
ACC-006,账户详情,:feature:accounts,accounts/{accountId}/transactions,账户流水,fullScreen,accountId:StableId,,content | empty | error,AccountFilterRow | PagedAccountTransactionList | RunningBalanceColumn,,REQ-064,android_ledger_screen_contract_v1.yaml#screens,NOT_STARTED,,,P12
ACC-007,账户详情,:feature:accounts,accounts/{accountId}/checkpoint,余额检查点,fullScreen,accountId:StableId,,editing | match | difference | saving,CheckpointDateField | ObservedBalanceField | CalculatedBalanceCard | DifferenceCard | ResolutionActions,,REQ-033,android_ledger_screen_contract_v1.yaml#screens,NOT_STARTED,,,P12
ACC-008,账户详情,:feature:accounts,accounts/{accountId}/checkpoint/{checkpointId}/resolve,处理余额差异,fullScreen,accountId:StableId | checkpointId:StableId,,content,DifferenceExplanation | FindMissingRecordsAction | CreateAdjustmentAction,,REQ-033,android_ledger_screen_contract_v1.yaml#screens,NOT_STARTED,,,P12
ACC-009,实体卡,:feature:accounts,accounts/{accountId}/cards,实体卡,fullScreen,accountId:StableId,,content | empty,CardList | AddCardAction | ArchivedSection,,REQ-012,android_ledger_screen_contract_v1.yaml#screens,NOT_STARTED,,,P12
ACC-010,实体卡,:feature:accounts,cards/editor/{cardId?},实体卡设置,fullScreen,cardId:StableId?,,create | edit | validationError | saving,CardBasicFields | AccountCompatibilityInfo | VaultSetupEntry | StickySaveBar,,REQ-012,android_ledger_screen_contract_v1.yaml#screens,NOT_STARTED,,,P12
ACC-011,实体卡,:feature:accounts,cards/{cardId},实体卡详情,fullScreen,cardId:StableId,,active | archived | replacement,CardIdentitySummary | LinkedAccountRow | VaultEntry | CardHistory | ArchiveReplaceActions,,REQ-012,android_ledger_screen_contract_v1.yaml#screens,NOT_STARTED,,,P12
ACC-012,账户,:feature:accounts,accounts/{accountId}/archive-delete,归档或删除账户,dialog,accountId:StableId,,unusedDeletable | usedArchiveOnly | lastAccountWarning,UsageSummary | ArchiveDeleteOptions | LastAccountWarning,,REQ-010 | REQ-011,android_ledger_screen_contract_v1.yaml#screens,NOT_STARTED,,,P12
BUD-001,预算,:feature:planning,budget/{yearMonth?},预算,topLevel,yearMonth:YYYYMM?,,configured | notConfigured | recalculating | historical | future,MonthPager | BudgetHero | DailyAvailableCard | BudgetCompositionRows | CategoryBudgetList | BudgetActions,,REQ-007 | REQ-048 | REQ-049 | REQ-050 | REQ-070,android_ledger_screen_contract_v1.yaml#screens,NOT_STARTED,,,P17
BUD-002,预算,:feature:planning,budget/{yearMonth}/edit,编辑月度预算,fullScreen,yearMonth:YYYYMM,,editing | constraintError | saving | historyRecalculationWarning,TotalBudgetField | HierarchicalBudgetEditor | ConstraintMeters | StickySaveBar,,REQ-048 | REQ-049,android_ledger_screen_contract_v1.yaml#screens,NOT_STARTED,,,P17
BUD-003,预算,:feature:planning,budget/{yearMonth}/category/{categoryId},分类预算,fullScreen,yearMonth:YYYYMM | categoryId:StableId,,editing | constraintError,CategoryBudgetField | ChildAllocationList | ParentLimitSummary,,REQ-048 | REQ-049,android_ledger_screen_contract_v1.yaml#screens,NOT_STARTED,,,P17
BUD-004,预算,:feature:planning,budget/{yearMonth}/adjustments,预算调整,fullScreen,yearMonth:YYYYMM,,content | empty,AdjustmentTypeCards | AdjustmentHistory,,REQ-049,android_ledger_screen_contract_v1.yaml#screens,NOT_STARTED,,,P17
BUD-005,预算,:feature:planning,budget/{yearMonth}/adjustment/{type},新建预算调整,fullScreen,yearMonth:YYYYMM | type:CLEAR_ROLLOVER|ADD|SUBTRACT|TRANSFER,,editing | invalid | saving,NoAccountImpactBanner | AdjustmentForm | StickySaveBar,,REQ-049,android_ledger_screen_contract_v1.yaml#screens,NOT_STARTED,,,P17
BUD-006,预算,:feature:planning,budget/{yearMonth}/history,预算版本历史,fullScreen,yearMonth:YYYYMM,,content | singleRevision,BudgetRevisionTimeline | CompareAction,,REQ-049,android_ledger_screen_contract_v1.yaml#screens,NOT_STARTED,,,P17
BUD-007,预算模板,:feature:planning,budget/templates,预算模板,fullScreen,,,content | empty,BudgetTemplateList | AddTemplateAction,,REQ-049,android_ledger_screen_contract_v1.yaml#screens,NOT_STARTED,,,P17
BUD-008,预算模板,:feature:planning,budget/templates/editor/{templateId?},预算模板设置,fullScreen,templateId:StableId?,,create | edit | constraintError,TemplateNameField | TotalBudgetField | HierarchicalBudgetEditor | StickySaveBar,,REQ-049,android_ledger_screen_contract_v1.yaml#screens,NOT_STARTED,,,P17
PRJ-001,项目,:feature:planning,projects,项目,fullScreen,,,content | empty | archivedOnly,ProjectList | ProjectStatusTabs | AddProjectAction,,REQ-046,android_ledger_screen_contract_v1.yaml#screens,NOT_STARTED,,,P18
PRJ-002,项目,:feature:planning,projects/editor/{projectId?},项目设置,fullScreen,projectId:StableId?,,create | edit | validationError,ProjectFields | BudgetField | MonthlyBudgetToggle | GoalSelector | StickySaveBar,,REQ-046 | REQ-047,android_ledger_screen_contract_v1.yaml#screens,NOT_STARTED,,,P18
PRJ-003,项目,:feature:planning,projects/{projectId},项目详情,fullScreen,projectId:StableId,,active | archived | overBudget | noTransactions,ProjectHero | ProjectProgress | ProjectTabRow | RecentProjectTransactions | SettlementActivities,,REQ-046,android_ledger_screen_contract_v1.yaml#screens,NOT_STARTED,,,P18
PRJ-004,项目,:feature:planning,projects/{projectId}/transactions,项目交易,fullScreen,projectId:StableId,,content | empty,PagedTransactionList | ProjectFilterRow,,REQ-046,android_ledger_screen_contract_v1.yaml#screens,NOT_STARTED,,,P18
PRJ-005,项目,:feature:planning,projects/{projectId}/cashflow,项目现金流,fullScreen,projectId:StableId,,content | empty,CashFlowChart | CashFlowTable,,REQ-046,android_ledger_screen_contract_v1.yaml#screens,NOT_STARTED,,,P18
PRJ-006,项目,:feature:planning,projects/{projectId}/status,项目状态,dialog,projectId:StableId,,active | archived,ArchiveReopenOptions,,REQ-046,android_ledger_screen_contract_v1.yaml#screens,NOT_STARTED,,,P18
GOL-001,目标资金,:feature:planning,goals,目标资金,fullScreen,,,content | empty | underfunded,GoalsByAccount | GoalSummaryCard | AddGoalAction,,REQ-051,android_ledger_screen_contract_v1.yaml#screens,NOT_STARTED,,,P18
GOL-002,目标资金,:feature:planning,goals/editor/{goalId?},目标设置,fullScreen,goalId:StableId?,,create | edit | currencyLocked | validationError,GoalFields | AccountSelector | SuggestedMonthlyPreview | StickySaveBar,,REQ-051,android_ledger_screen_contract_v1.yaml#screens,NOT_STARTED,,,P18
GOL-003,目标资金,:feature:planning,goals/{goalId},目标详情,fullScreen,goalId:StableId,,active | completed | underfunded | emptyHistory,GoalProgressHero | AccountAvailabilitySummary | GoalTrendChart | BoundProjects | MovementHistory | GoalActions,,REQ-047 | REQ-051 | REQ-052,android_ledger_screen_contract_v1.yaml#screens,NOT_STARTED,,,P18
GOL-004,目标资金,:feature:planning,goals/{goalId}/movement/{kind},目标资金操作,fullScreen,goalId:StableId | kind:ALLOCATE|RELEASE|ADJUST,,editing | insufficientActualBalanceWarning | saving,AmountField | AvailableBalanceInfo | DateField | StickySaveBar,,REQ-051,android_ledger_screen_contract_v1.yaml#screens,NOT_STARTED,,,P18
GOL-005,目标资金,:feature:planning,goals/{goalId}/complete,完成目标,sheet,goalId:StableId,,content,CompletionOptionCards,,,android_ledger_screen_contract_v1.yaml#screens,NOT_STARTED,,,P18
LIA-001,负债管理,:feature:liabilities,liabilities,负债管理,fullScreen,,,content | empty | overdue,LiabilitySummary | CreditAccountsSection | LoansSection | InstallmentsSection,,,android_ledger_screen_contract_v1.yaml#screens,NOT_STARTED,,,P21
CRD-001,信用卡,:feature:liabilities,credit/{accountId},信用账户,fullScreen,accountId:StableId,,normal | overdue | positiveBalance | noLimit | noStatements,CreditDebtHero | LimitUsageBar | DueStatusCard | CreditTabRow | StatementPreview | InstallmentPreview | CreditActions,,REQ-036,android_ledger_screen_contract_v1.yaml#screens,NOT_STARTED,,,P19
CRD-002,信用卡,:feature:liabilities,credit/{accountId}/profile,信用账户设置,fullScreen,accountId:StableId,,editing | validationError,StatementRuleFields | DueRuleFields | ZoneField | LimitFields | DefaultPaymentAccount | AutoPaymentMode | StickySaveBar,,REQ-036,android_ledger_screen_contract_v1.yaml#screens,NOT_STARTED,,,P19
CRD-003,信用卡,:feature:liabilities,credit/{accountId}/statements,信用卡账单,fullScreen,accountId:StableId,,content | empty,StatementList | StatementStatusFilter,,REQ-036,android_ledger_screen_contract_v1.yaml#screens,NOT_STARTED,,,P19
CRD-004,信用卡,:feature:liabilities,credit/statement/{statementId},账单详情,fullScreen,statementId:StableId,,estimatedOnly | official | sealed | overdue | paid,StatementHero | EstimatedOfficialComparison | PaymentProgress | StatementTransactionList | AllocationList | SealAction,,REQ-036 | REQ-037,android_ledger_screen_contract_v1.yaml#screens,NOT_STARTED,,,P19
CRD-005,信用卡,:feature:liabilities,credit/statement/{statementId}/official,录入官方账单,fullScreen,statementId:StableId,,editing | difference | saving,OfficialAmountField | DifferencePreview | SealToggle | StickySaveBar,,REQ-036,android_ledger_screen_contract_v1.yaml#screens,NOT_STARTED,,,P19
CRD-006,信用卡,:feature:liabilities,credit/statement-assignment/{transactionId},调整账单归属,sheet,transactionId:StableId,StatementId,content | sealedWarning,PreviousCurrentNextStatementOptions | ImpactWarning,,REQ-030 | REQ-037,android_ledger_screen_contract_v1.yaml#screens,NOT_STARTED,,,P19
CRD-007,信用卡,:feature:liabilities,credit/payment-allocation/{transactionId},还款分配,fullScreen,transactionId:StableId,,editing | balanced | mismatch,PaymentAmountSummary | StatementAllocationTable | UnallocatedOption | RemainingValidation,,REQ-038,android_ledger_screen_contract_v1.yaml#screens,NOT_STARTED,,,P19
CRD-008,信用卡,:feature:liabilities,credit/{accountId}/auto-payment,自动还款记账,fullScreen,accountId:StableId,,eligible | ineligible | candidateMode,ModeSelector | EligibilityChecklist | DefaultBankAccount | RealityPaymentDisclaimer | StickySaveBar,,REQ-039,android_ledger_screen_contract_v1.yaml#screens,NOT_STARTED,,,P19
INS-001,信用卡分期,:feature:liabilities,installments,信用卡分期,fullScreen,,,content | empty | completed,InstallmentPlanList | InstallmentSummary,,,android_ledger_screen_contract_v1.yaml#screens,NOT_STARTED,,,P20
INS-002,信用卡分期,:feature:liabilities,installments/editor/{planId?},分期设置,fullScreen,planId:StableId?,,create | edit | invalid,InstallmentTermsForm | SchedulePreview | StickySaveBar,,,android_ledger_screen_contract_v1.yaml#screens,NOT_STARTED,,,P20
INS-003,信用卡分期,:feature:liabilities,installments/{planId},分期详情,fullScreen,planId:StableId,,active | completed | refundAdjusted,InstallmentProgressHero | CostSummary | SchedulePreview | LinkedPurchase | RefundImpact | EarlySettlementAction,,REQ-040,android_ledger_screen_contract_v1.yaml#screens,NOT_STARTED,,,P20
INS-004,信用卡分期,:feature:liabilities,installments/{planId}/schedule,分期计划,fullScreen,planId:StableId,,content,InstallmentScheduleTable,,REQ-040,android_ledger_screen_contract_v1.yaml#screens,NOT_STARTED,,,P20
INS-005,信用卡分期,:feature:liabilities,installments/{planId}/early-settlement,提前结清,fullScreen,planId:StableId,,editing | calculated | invalid,SettlementDateField | PrincipalFeeBreakdown | ResultComparison | ApplyAction,,,android_ledger_screen_contract_v1.yaml#screens,NOT_STARTED,,,P20
INS-006,信用卡分期,:feature:liabilities,installments/{planId}/refund-impact,退款影响,fullScreen,planId:StableId,,content | requiresDecision,RefundAllocationSummary | RecalculationPolicy | ScheduleDiff,,,android_ledger_screen_contract_v1.yaml#screens,NOT_STARTED,,,P20
LOA-001,贷款,:feature:liabilities,loans,贷款,fullScreen,,,content | empty | closed,LoanList | LoanSummary | AddLoanAction,,REQ-009,android_ledger_screen_contract_v1.yaml#screens,NOT_STARTED,,,P21
LOA-002,贷款,:feature:liabilities,loans/wizard/{contractId?},贷款合同设置,fullScreen,contractId:StableId?,,editing | invalid | generatingSchedule | ready,WizardStepper | LoanBasicStep | TrancheStep | TermsStep | RatePeriodsStep | SchedulePreviewStep | ReviewStep,,REQ-009 | REQ-041,android_ledger_screen_contract_v1.yaml#screens,NOT_STARTED,,,P21
LOA-003,贷款,:feature:liabilities,loans/{contractId}/tranche/{trancheId?},贷款分项,fullScreen,contractId:StableId | trancheId:StableId?,,create | edit,TrancheFields | PrincipalField | StickySaveBar,,REQ-009 | REQ-041,android_ledger_screen_contract_v1.yaml#screens,NOT_STARTED,,,P21
LOA-004,贷款,:feature:liabilities,loans/{contractId}/terms/{trancheId},贷款条款,fullScreen,contractId:StableId | trancheId:StableId,,editing | invalid,RepaymentMethodSelector | RateTypeSelector | FrequencyFields | PrepaymentPolicy | RoundingPolicy | StickySaveBar,,REQ-009 | REQ-041,android_ledger_screen_contract_v1.yaml#screens,NOT_STARTED,,,P21
LOA-005,贷款,:feature:liabilities,loans/{contractId}/rates/{trancheId},利率阶段,fullScreen,contractId:StableId | trancheId:StableId,,content | overlapError | empty,RatePeriodTimeline | RatePeriodEditor,,REQ-009 | REQ-041,android_ledger_screen_contract_v1.yaml#screens,NOT_STARTED,,,P21
LOA-006,贷款,:feature:liabilities,loans/{contractId}/schedule-preview,还款计划预览,fullScreen,contractId:StableId,,generating | content | calculationError,ScheduleSummary | LoanScheduleTable | AssumptionDisclosure,,REQ-009 | REQ-041,android_ledger_screen_contract_v1.yaml#screens,NOT_STARTED,,,P21
LOA-007,贷款,:feature:liabilities,loans/{contractId},贷款详情,fullScreen,contractId:StableId,,active | closed | overduePlanDifference | multiTranche,LoanPrincipalHero | LoanProgress | NextPaymentCard | LoanTabRow | TrancheSummary | RecentPayments | SimulationAction,,REQ-009 | REQ-041,android_ledger_screen_contract_v1.yaml#screens,NOT_STARTED,,,P21
LOA-008,贷款,:feature:liabilities,loans/{contractId}/schedule,贷款计划,fullScreen,contractId:StableId,,content | empty,ScheduleRevisionSelector | LoanScheduleTable | PlannedActualToggle,,REQ-041 | REQ-042,android_ledger_screen_contract_v1.yaml#screens,NOT_STARTED,,,P21
LOA-009,贷款,:feature:liabilities,loans/payment/{transactionId},贷款还款详情,fullScreen,transactionId:StableId,,content,PaymentBreakdown | ScheduleAllocation | AccountImpact,,REQ-041,android_ledger_screen_contract_v1.yaml#screens,NOT_STARTED,,,P21
LOA-010,贷款,:feature:liabilities,loans/{contractId}/simulation,提前还款模拟,fullScreen,contractId:StableId,,editing | calculating | result | invalid,SimulationParameters | StrategySelector | BeforeAfterCards | ScheduleComparison | SaveSimulationAction,,REQ-041,android_ledger_screen_contract_v1.yaml#screens,NOT_STARTED,,,P21
LOA-011,贷款,:feature:liabilities,loans/{contractId}/simulation/{simulationId}/apply,应用模拟方案,dialog,contractId:StableId | simulationId:StableId,,content | conflict,ImpactSummary | ApplySimulationConfirmation,,REQ-041,android_ledger_screen_contract_v1.yaml#screens,NOT_STARTED,,,P21
SET-001,互请,:feature:settlement,settlements,互请活动,fullScreen,,,content | empty | requiresAdditionalSettlement,SettlementActivityList | SettlementPositionSummary | AddActivityAction,,REQ-043,android_ledger_screen_contract_v1.yaml#screens,NOT_STARTED,,,P22
SET-002,互请,:feature:settlement,settlements/editor/{activityId?},互请活动设置,fullScreen,activityId:StableId?,,create | edit | validationError,ActivityFields | SettlementCurrencyField | ProjectSelector | ParticipantEntry | StickySaveBar,,REQ-043,android_ledger_screen_contract_v1.yaml#screens,NOT_STARTED,,,P22
SET-003,互请,:feature:settlement,settlements/{activityId}/participants,参与人,fullScreen,activityId:StableId,,content | empty,ParticipantList | AddParticipant | SelfIndicator | ReorderAction,,REQ-043,android_ledger_screen_contract_v1.yaml#screens,NOT_STARTED,,,P22
SET-004,互请,:feature:settlement,settlements/{activityId},互请活动详情,fullScreen,activityId:StableId,,open | settled | requiresAdditionalSettlement | empty,SettlementHero | ParticipantPositionList | ActivityTransactions | SettlementHistoryPreview | SettleAction,,REQ-043 | REQ-045,android_ledger_screen_contract_v1.yaml#screens,NOT_STARTED,,,P22
SET-005,互请,:feature:settlement,settlements/{activityId}/position/{participantId},参与人头寸,fullScreen,activityId:StableId | participantId:StableId,,receivable | payable | zero,PositionHero | PositionBreakdown | RelatedTransactions,,REQ-043,android_ledger_screen_contract_v1.yaml#screens,NOT_STARTED,,,P22
SET-006,互请,:feature:settlement,settlements/{activityId}/record,记录结算,fullScreen,activityId:StableId,,selfPays | selfReceives | externalToExternal | saving,PayerField | PayeeField | AmountField | LocalAccountConditionalField | NoLocalImpactBanner | StickySaveBar,,REQ-043 | REQ-044,android_ledger_screen_contract_v1.yaml#screens,NOT_STARTED,,,P22
SET-007,互请,:feature:settlement,settlements/{activityId}/history,结算历史,fullScreen,activityId:StableId,,content | empty,SettlementPaymentTimeline,,REQ-043,android_ledger_screen_contract_v1.yaml#screens,NOT_STARTED,,,P22
SET-008,互请,:feature:settlement,settlements/{activityId}/additional,补充结算,fullScreen,activityId:StableId,,required | resolved,RecomputedPositionSummary | HistoricalSettlementNotice | SuggestedTransfers | RecordSettlementAction,,REQ-043 | REQ-045,android_ledger_screen_contract_v1.yaml#screens,NOT_STARTED,,,P22
AUT-001,自动化,:feature:automation,automation,模板与周期,fullScreen,,,content,AutomationHubCards | CandidateCountBadge,,REQ-004,android_ledger_screen_contract_v1.yaml#screens,NOT_STARTED,,,P23
AUT-002,快捷模板,:feature:automation,templates,快捷模板,fullScreen,,,content | empty,TemplateList | AddTemplateAction,,REQ-058,android_ledger_screen_contract_v1.yaml#screens,NOT_STARTED,,,P23
AUT-003,快捷模板,:feature:automation,templates/editor/{templateId?},快捷模板设置,fullScreen,templateId:StableId?,,create | edit | validationError,TemplateNameIconFields | TemplateTransactionFields | UnsupportedFieldNotice | StickySaveBar,不保存实际时间、实时位置、附件和实时汇率。,REQ-058 | REQ-086,android_ledger_screen_contract_v1.yaml#screens,NOT_STARTED,,,P23
AUT-004,周期交易,:feature:automation,recurrences,周期交易,fullScreen,,,content | empty | paused,RecurrenceSeriesList | StatusTabs | AddSeriesAction,,REQ-059,android_ledger_screen_contract_v1.yaml#screens,NOT_STARTED,,,P23
AUT-005,周期交易,:feature:automation,recurrences/editor/{seriesId?},周期交易设置,fullScreen,seriesId:StableId?,,create | edit | invalid,BlueprintSelector | RecurrenceRuleSummary | GenerationModeSelector | FixedPlaceField | NotificationToggle | OccurrencePreview | StickySaveBar,,REQ-059,android_ledger_screen_contract_v1.yaml#screens,NOT_STARTED,,,P23
AUT-006,周期交易,:feature:automation,recurrences/rule/{seriesId?},周期规则,fullScreen,seriesId:StableId?,RecurrenceRule,editing | invalid,FrequencySelector | IntervalFields | WeekdaySelector | MonthRuleFields | MissingDayPolicy | WeekendPolicy | StartEndFields | MaxOccurrences,,REQ-059,android_ledger_screen_contract_v1.yaml#screens,NOT_STARTED,,,P23
AUT-007,周期交易,:feature:automation,recurrences/preview/{seriesId?},发生日期预览,fullScreen,seriesId:StableId?,,content | empty,OccurrencePreviewList | TimeZoneDisclosure,,REQ-059,android_ledger_screen_contract_v1.yaml#screens,NOT_STARTED,,,P23
AUT-008,候选记录,:feature:automation,candidates,待确认候选,fullScreen,,,content | empty | selection,CandidateList | CandidateStatusBadge | BulkCandidateActions,,REQ-039 | REQ-059,android_ledger_screen_contract_v1.yaml#screens,NOT_STARTED,,,P23
AUT-009,候选记录,:feature:automation,candidates/{candidateId},确认候选,fullScreen,candidateId:StableId,,editing | validationError | invalidSource,CandidateNotPostedBanner | TransactionEditorScaffold | ConfirmSkipActions,,REQ-059,android_ledger_screen_contract_v1.yaml#screens,NOT_STARTED,,,P23
AUT-010,周期交易,:feature:automation,recurrences/{seriesId}/scope,应用修改范围,sheet,seriesId:StableId,THIS_ONLY|THIS_AND_FUTURE|ENTIRE_SERIES,content,ScopeOptionCards,,REQ-059,android_ledger_screen_contract_v1.yaml#screens,NOT_STARTED,,,P23
ANA-001,分析,:feature:analysis,analysis,分析,topLevel,,,content | noData | calculating | error,PeriodSelector | AnalysisDashboard | MetricCard | ChartCard | ReportEntryGrid,,REQ-067 | REQ-070,android_ledger_screen_contract_v1.yaml#screens,NOT_STARTED,,,P25
ANA-002,分析,:feature:analysis,analysis/reports,固定报表,fullScreen,,,content,ReportCatalogSection | ReportCatalogItem,,REQ-067,android_ledger_screen_contract_v1.yaml#screens,NOT_STARTED,,,P25
ANA-003,分析,:feature:analysis,analysis/report/{reportKey}/{savedSpecId?},报表,fullScreen,reportKey:String | savedSpecId:StableId?,,loading | content | empty | queryError | staleRebuildRequired,ReportHeader | MetricSummary | ChartCard | AccessibleDataTable | DrilldownAction | ExportAction,,REQ-007 | REQ-008 | REQ-067 | REQ-068,android_ledger_screen_contract_v1.yaml#screens,NOT_STARTED,,,P25
ANA-004,分析,:feature:analysis,analysis/report-filter/{reportKey},报表筛选,fullScreen,reportKey:String,ReportSpec,editing | invalid,MeasureDimensionSummary | FilterBuilder | GranularitySelector | ComparisonSelector | StickyApplyBar,,REQ-067,android_ledger_screen_contract_v1.yaml#screens,NOT_STARTED,,,P25
ANA-005,分析,:feature:analysis,analysis/drilldown/{queryId},明细,fullScreen,queryId:StableId,,content | empty | expiredQuery,QuerySummary | PagedTransactionList,,REQ-067,android_ledger_screen_contract_v1.yaml#screens,NOT_STARTED,,,P25
ANA-006,自定义仪表板,:feature:analysis,analysis/dashboards,自定义仪表板,fullScreen,,,content | empty,DashboardList | AddDashboardAction,,REQ-067,android_ledger_screen_contract_v1.yaml#screens,NOT_STARTED,,,P26
ANA-007,自定义仪表板,:feature:analysis,analysis/dashboards/editor/{dashboardId?},编辑仪表板,fullScreen,dashboardId:StableId?,,create | edit | emptyCanvas,DashboardCanvas | DashboardCardPalette | ReorderResizeControls | StickySaveBar,,REQ-067,android_ledger_screen_contract_v1.yaml#screens,NOT_STARTED,,,P26
ANA-008,自定义报表,:feature:analysis,analysis/report-builder/{definitionId?},自定义报表,fullScreen,definitionId:StableId?,,editing | invalid | previewing,BuilderStepper | MeasurePicker | DimensionPicker | FilterBuilder | GranularitySelector | SortEditor | VisualizationPreview | StickySaveBar,,REQ-067,android_ledger_screen_contract_v1.yaml#screens,NOT_STARTED,,,P26
ANA-009,自定义报表,:feature:analysis,analysis/visualization-picker,选择图表,sheet,,VisualizationType,content | autoFallbackToBar,VisualizationOptionGrid | CompatibilityMessages,,REQ-067 | REQ-068,android_ledger_screen_contract_v1.yaml#screens,NOT_STARTED,,,P26
ANA-010,分析导出,:feature:analysis,analysis/export/{reportInstanceId},导出报表,sheet,reportInstanceId:StableId,,content,FormatOptions | ExportScope | SensitiveFieldNotice | StartExportAction,,REQ-067 | REQ-074,android_ledger_screen_contract_v1.yaml#screens,NOT_STARTED,,,P26/P29
ANA-011,消费地图,:feature:analysis,analysis/map,消费地图,fullScreen,,,loading | clusters | heatmap | singlePoints | noLocationData | mapUnavailable,MapLibreMap | MapModeSelector | MapWeightSelector | MapFilterBar | MapClusterLayer | MapHeatLayer | MapAttribution | MapBottomPanel,,REQ-056,android_ledger_screen_contract_v1.yaml#screens,NOT_STARTED,,,P27
ANA-012,消费地图,:feature:analysis,analysis/map/location/{placeOrClusterId},地点明细,bottomSheet,placeOrClusterId:StableId,,place | cluster | singleTransaction,LocationSummary | CategoryComposition | TransactionPreview | OpenTransactionsAction,,REQ-056,android_ledger_screen_contract_v1.yaml#screens,NOT_STARTED,,,P27
ANA-013,异常规则,:feature:analysis,analysis/anomaly-rules,异常规则,fullScreen,,,content | empty | invalid,RuleList | RuleEditor | DeterministicMethodDisclosure,,REQ-005 | REQ-069,android_ledger_screen_contract_v1.yaml#screens,NOT_STARTED,,,P26
ANA-014,预测,:feature:analysis,analysis/forecast/{forecastKey},预测详情,fullScreen,forecastKey:String,,content | insufficientData,ForecastChart | AssumptionList | RecurringInclusionToggle | HistoricalComparison,,REQ-042 | REQ-069,android_ledger_screen_contract_v1.yaml#screens,NOT_STARTED,,,P26
ANA-015,数据完整性,:feature:analysis,analysis/integrity,数据完整性报告,fullScreen,,,notRun | running | passed | warnings | failed,IntegrityStatusHero | CheckGroupList | RunCheckAction | RepairProjectionAction,不显示借贷细节给普通用户；技术详情折叠并脱敏。,REQ-006,android_ledger_screen_contract_v1.yaml#screens,NOT_STARTED,,,P25
MGT-001,数据管理,:feature:settings,management,基础数据管理,fullScreen,,,content,ManagementHubItems,,,android_ledger_screen_contract_v1.yaml#screens,NOT_STARTED,,,P12
CAT-001,分类管理,:feature:settings,categories/{direction},分类管理,fullScreen,direction:EXPENSE|INCOME,,content | empty | searching,CategoryDirectionTabs | CategoryTreeList | SearchAction | ReorderAction | AddCategoryAction,,REQ-018 | REQ-019 | REQ-021,android_ledger_screen_contract_v1.yaml#screens,NOT_STARTED,,,P12
CAT-002,分类管理,:feature:settings,categories/editor/{direction}/{categoryId?},分类设置,fullScreen,direction:EXPENSE|INCOME | categoryId:StableId?,,create | edit | parentLocked | contrastWarning | validationError,CategoryNameField | CategoryIconPicker | CategoryColorPicker | ParentSelector | StatisticalNatureSelector | DefaultAccountCardMerchant | ContrastPreview | StickySaveBar,,REQ-021,android_ledger_screen_contract_v1.yaml#screens,NOT_STARTED,,,P12
CAT-003,分类管理,:feature:settings,categories/reorder/{direction},分类排序,fullScreen,direction:EXPENSE|INCOME,,editing,DraggableCategoryTree | SaveOrderAction,,REQ-021,android_ledger_screen_contract_v1.yaml#screens,NOT_STARTED,,,P12
CAT-004,分类管理,:feature:settings,categories/{categoryId}/delete,处理分类,fullScreen,categoryId:StableId,,unused | used | hasChildren | processing,UsageSummary | ReassignOption | ArchiveOption | DeleteTombstoneOption | TargetCategoryPicker,,REQ-022,android_ledger_screen_contract_v1.yaml#screens,NOT_STARTED,,,P12
MER-001,商户管理,:feature:settings,merchants,商户,fullScreen,,,content | empty | searching,SearchField | MerchantList | MergeAction | AddMerchantAction,,REQ-053,android_ledger_screen_contract_v1.yaml#screens,NOT_STARTED,,,P12
MER-002,商户管理,:feature:settings,merchants/editor/{merchantId?},商户设置,fullScreen,merchantId:StableId?,,create | edit | duplicateWarning,MerchantNameField | AliasList | PlaceList | StickySaveBar,,REQ-053,android_ledger_screen_contract_v1.yaml#screens,NOT_STARTED,,,P12
MER-003,商户管理,:feature:settings,merchants/merge,合并商户,fullScreen,,,editing | invalid | merging,SourceMerchantPicker | TargetMerchantPicker | MergeImpactSummary | ConfirmMergeAction,,REQ-053,android_ledger_screen_contract_v1.yaml#screens,NOT_STARTED,,,P12
PLC-001,地点管理,:feature:settings,places,地点,fullScreen,,,content | empty,SearchField | PlaceList | MapPreview | AddPlaceAction,,,android_ledger_screen_contract_v1.yaml#screens,NOT_STARTED,,,P12
PLC-002,地点管理,:feature:settings,places/editor/{placeId?},地点设置,fullScreen,placeId:StableId?,,create | edit | mapUnavailable,PlaceNameField | MapPinEditor | MerchantSelector | StickySaveBar,,,android_ledger_screen_contract_v1.yaml#screens,NOT_STARTED,,,P12
PLC-003,地点管理,:feature:settings,places/{placeId}/merge-split,合并或拆分地点,fullScreen,placeId:StableId,,merge | split | invalid,PlaceOperationTabs | LocationRecordSelection | MapPreview | ImpactSummary,,,android_ledger_screen_contract_v1.yaml#screens,NOT_STARTED,,,P12
VLT-001,卡片保险库,:feature:vault,vault,卡片保险库,fullScreen,,,locked | unlockedSession | deviceSecurityMissing | empty,VaultSecurityBanner | VaultCardList | AuthenticationAction,,REQ-077,android_ledger_screen_contract_v1.yaml#screens,NOT_STARTED,,,P32
VLT-002,卡片保险库,:feature:vault,vault/card/{cardId},保险库卡片,fullScreen,cardId:StableId,,masked | authenticating | revealed | autoHidden | authFailed,MaskedCardSummary | SensitiveValueField | RevealAction | CopyPanAction | SecurityCodeReveal | AutoHideTimer,每次查看或复制完整卡号都重新认证；安全码禁止复制；30秒和后台立即隐藏。,REQ-077,android_ledger_screen_contract_v1.yaml#screens,NOT_STARTED,,,P32
VLT-003,卡片保险库,:feature:vault,vault/card/{cardId}/edit,编辑保险库内容,fullScreen,cardId:StableId,,authRequired | editing | saving,SensitiveTextFields | CustomSensitiveFields | AuthenticationGate | StickySaveBar,,REQ-077,android_ledger_screen_contract_v1.yaml#screens,NOT_STARTED,,,P32
VLT-004,卡片保险库,:feature:vault,vault/auth/{purpose},身份验证,systemDialog,purpose:REVEAL_PAN|COPY_PAN|REVEAL_CVC|EDIT_VAULT|DELETE_CLOUD,AuthResult,prompt | success | failure | cancelled,BiometricPrompt,,REQ-077,android_ledger_screen_contract_v1.yaml#screens,NOT_STARTED,,,P32
SETG-001,设置,:feature:settings,settings,设置,fullScreen,,,content,SettingsSection | SettingsRow,,REQ-004 | REQ-071,android_ledger_screen_contract_v1.yaml#screens,NOT_STARTED,,,P33
SETG-002,设置,:feature:settings,settings/appearance,外观,fullScreen,,,content,ThemeSelector | DynamicColorToggle | AmountVisibilityDefaults | MotionPreference | LiveComponentPreview,,,android_ledger_screen_contract_v1.yaml#screens,NOT_STARTED,,,P33
SETG-003,设置,:feature:settings,settings/language-region,语言与地区,fullScreen,,,content,LanguageSelector | DateFormatSelector | NumberFormatSummary | TimeZoneSelector,,REQ-082,android_ledger_screen_contract_v1.yaml#screens,NOT_STARTED,,,P33
SETG-004,设置,:feature:settings,settings/currencies,币种,fullScreen,,,content | searching,CurrencySearch | VisibleCurrencyList | HiddenCurrencyList | ReorderAction,,REQ-082,android_ledger_screen_contract_v1.yaml#screens,NOT_STARTED,,,P14/P33
SETG-005,设置,:feature:settings,settings/calendar,日历设置,fullScreen,,,content,WeekStartSelector | DateFormatSelector | Preview,,REQ-082,android_ledger_screen_contract_v1.yaml#screens,NOT_STARTED,,,P33
SETG-006,设置,:feature:settings,settings/app-lock,应用锁,fullScreen,,,disabled | enabled | deviceSecurityMissing,AppLockToggle | TimeoutSelector | AuthenticationMethodSummary | TestLockAction,,REQ-078,android_ledger_screen_contract_v1.yaml#screens,NOT_STARTED,,,P32
SETG-007,设置,:feature:settings,settings/screen-privacy,屏幕隐私,fullScreen,,,content,GlobalScreenshotToggle | RecentTaskObscureToggle | VaultAlwaysSecureInfo,,REQ-078,android_ledger_screen_contract_v1.yaml#screens,NOT_STARTED,,,P32
SETG-008,设置,:feature:settings,settings/trash,回收站,fullScreen,,,content,RetentionSelector | AutoPurgeSummary | OpenTrashAction,,REQ-032,android_ledger_screen_contract_v1.yaml#screens,NOT_STARTED,,,P32/P33
SETG-009,设置,:feature:settings,settings/privacy-diagnostics,隐私与诊断,fullScreen,,,preConsent | enabled | disabled,TelemetryToggle | CrashToggle | QueueEntryLinks | PrivacyPolicyLink,,REQ-080,android_ledger_screen_contract_v1.yaml#screens,NOT_STARTED,,,P32
SETG-010,设置,:feature:settings,settings/telemetry-queue,待发送功能事件,fullScreen,,,content | empty,WhitelistedEventList | DeleteQueueAction,,REQ-080,android_ledger_screen_contract_v1.yaml#screens,NOT_STARTED,,,P32
SETG-011,设置,:feature:settings,settings/crash-queue,待发送崩溃报告,fullScreen,,,content | empty,SanitizedCrashList | DeleteQueueAction,,REQ-080,android_ledger_screen_contract_v1.yaml#screens,NOT_STARTED,,,P32
SETG-012,设置,:feature:settings,settings/about,关于,fullScreen,,,content,AppVersion | OpenSourceNotice | LicenseList | SourceCodeLink,,,android_ledger_screen_contract_v1.yaml#screens,NOT_STARTED,,,P33
TRF-001,数据传输,:feature:transfer,transfer,导入、导出与备份,fullScreen,,,content | operationActive,TransferHubCards | ActiveOperationBanner,,,android_ledger_screen_contract_v1.yaml#screens,NOT_STARTED,,,P33
IMP-001,导入,:feature:transfer,import/source,选择导入文件,fullScreen,,,content | permissionError,ImportModeSelector | SystemFilePickerAction | RecentImportList,,REQ-005 | REQ-073,android_ledger_screen_contract_v1.yaml#screens,NOT_STARTED,,,P28
IMP-002,导入,:feature:transfer,import/{operationId}/format,文件设置,fullScreen,operationId:StableId,,parsing | content | corruptFile | unsupported,SheetSelector | HeaderRowSelector | EncodingSelector | SampleRowsTable,,REQ-005 | REQ-073,android_ledger_screen_contract_v1.yaml#screens,NOT_STARTED,,,P28
IMP-003,导入,:feature:transfer,import/{operationId}/field-mapping,字段映射,fullScreen,operationId:StableId,,editing | missingRequired | valid,MappingTable | RequiredFieldStatus | SampleValuePreview | StickyNextBar,,REQ-005 | REQ-029 | REQ-073,android_ledger_screen_contract_v1.yaml#screens,NOT_STARTED,,,P28
IMP-004,导入,:feature:transfer,import/{operationId}/entity-mapping,实体映射,fullScreen,operationId:StableId,,editing | unmapped | valid,EntityMappingSections | CreateMissingToggle | ConflictCountSummary,,REQ-005 | REQ-073,android_ledger_screen_contract_v1.yaml#screens,NOT_STARTED,,,P28
IMP-005,导入,:feature:transfer,import/{operationId}/fx-mapping,币种与汇率,fullScreen,operationId:StableId,,content | manualRatesRequired | valid,CurrencyMappingList | RatePolicySelector | MissingRateList,,REQ-005 | REQ-073,android_ledger_screen_contract_v1.yaml#screens,NOT_STARTED,,,P28
IMP-006,导入,:feature:transfer,import/{operationId}/validation,校验与重复项,fullScreen,operationId:StableId,,validating | errors | warnings | valid,ValidationSummary | ErrorTabs | DuplicateCandidateList | ResolutionControls,,REQ-005 | REQ-073,android_ledger_screen_contract_v1.yaml#screens,NOT_STARTED,,,P28
IMP-007,导入,:feature:transfer,import/{operationId}/preview,导入预览,fullScreen,operationId:StableId,,content | notReady,ImportSummaryCards | EntityCreationSummary | TransactionSample | AtomicityNotice | CommitAction,,REQ-005 | REQ-073,android_ledger_screen_contract_v1.yaml#screens,NOT_STARTED,,,P28
IMP-008,导入,:feature:transfer,import/{operationId}/commit,正在导入,fullScreen,operationId:StableId,,preparing | applyingToShadow | validating | committing | cancelRequested | failed | succeeded,OperationProgressPanel | PhaseTimeline | CancelAction,,REQ-005 | REQ-073 | REQ-084,android_ledger_screen_contract_v1.yaml#screens,NOT_STARTED,,,P28
IMP-009,导入,:feature:transfer,import/{operationId}/result,导入结果,fullScreen,operationId:StableId,,success | partialNotAllowed | failed | rolledBack,ResultHero | ImportedCounts | Warnings | OpenJournalAction | RollbackBatchAction,,REQ-005 | REQ-073,android_ledger_screen_contract_v1.yaml#screens,NOT_STARTED,,,P28
IMP-010,导入,:feature:transfer,import/history,导入历史,fullScreen,,,content | empty,ImportHistoryList | RollbackEligibilityBadge,,REQ-073,android_ledger_screen_contract_v1.yaml#screens,NOT_STARTED,,,P28
EXP-001,导出,:feature:transfer,export/type,选择导出内容,fullScreen,,,content,ExportTypeCards | CurrentFilterSummary,,REQ-074,android_ledger_screen_contract_v1.yaml#screens,NOT_STARTED,,,P29
EXP-002,导出,:feature:transfer,export/{operationId}/fields,导出字段,fullScreen,operationId:StableId,,editing | valid,FieldSelectionList | SensitiveLocationToggle | VaultExclusionNotice,,REQ-074,android_ledger_screen_contract_v1.yaml#screens,NOT_STARTED,,,P29
EXP-003,导出,:feature:transfer,export/{operationId}/destination,保存位置,fullScreen,operationId:StableId,,content | permissionRevoked | nameConflict,SystemDestinationPicker | FileNameField | OverwriteWarning | StartExportAction,,REQ-074,android_ledger_screen_contract_v1.yaml#screens,NOT_STARTED,,,P29
EXP-004,导出,:feature:transfer,export/{operationId}/progress,导出,fullScreen,operationId:StableId,,running | cancelRequested | failed | succeeded,OperationProgressPanel | OpenFileAction | ShareAction,,REQ-074 | REQ-084,android_ledger_screen_contract_v1.yaml#screens,NOT_STARTED,,,P29
BKP-001,备份,:feature:transfer,backup,备份,fullScreen,,,configured | notConfigured | running | failed | permissionRevoked,BackupStatusHero | RepositorySummary | BackupPolicySummary | RecentBackupList | BackupNowAction,,REQ-003 | REQ-074 | REQ-075 | REQ-084,android_ledger_screen_contract_v1.yaml#screens,NOT_STARTED,,,P30
BKP-002,备份,:feature:transfer,backup/repository,备份位置,fullScreen,,,editing | driveAuthRequired | permissionRevoked,LocalRepositoryOption | GoogleDriveOption | SystemDirectoryPicker | AuthorizationStatus,,REQ-003 | REQ-074 | REQ-075,android_ledger_screen_contract_v1.yaml#screens,NOT_STARTED,,,P30
BKP-003,备份,:feature:transfer,backup/recovery-password,恢复密码,fullScreen,,,create | change | invalid | reEncrypting,PasswordField | PasswordStrengthRules | NoRecoveryWarning | ConfirmPassword | HistoricalReencryptChoice,,REQ-003 | REQ-074 | REQ-075,android_ledger_screen_contract_v1.yaml#screens,NOT_STARTED,,,P30
BKP-004,备份,:feature:transfer,backup/settings,备份设置,fullScreen,,,content | vaultPasswordRequired,AutoBackupToggle | RetentionFields | IncludeVaultToggle | NetworkPolicy | StickySaveBar,,REQ-003 | REQ-074 | REQ-075,android_ledger_screen_contract_v1.yaml#screens,NOT_STARTED,,,P30
BKP-005,备份,:feature:transfer,backup/list,备份历史,fullScreen,,,content | empty | loadingRemote,BackupSnapshotList | VerificationBadge | RepositoryFilter,,REQ-003 | REQ-074 | REQ-075,android_ledger_screen_contract_v1.yaml#screens,NOT_STARTED,,,P30
BKP-006,备份,:feature:transfer,backup/{snapshotId},备份详情,fullScreen,snapshotId:StableId,,verified | unverified | corrupt | remoteUnavailable,SnapshotSummary | IntegrityStatus | ContentsSummary | RestoreAction | DeleteAction,,REQ-003 | REQ-074 | REQ-075,android_ledger_screen_contract_v1.yaml#screens,NOT_STARTED,,,P30
BKP-007,备份,:feature:transfer,backup/manual,创建备份,fullScreen,,,ready | passwordRequired | running,BackupScopeSummary | IncludeVaultToggle | DestinationSummary | StartBackupAction,,REQ-003 | REQ-074 | REQ-075,android_ledger_screen_contract_v1.yaml#screens,NOT_STARTED,,,P30
RST-001,恢复,:feature:transfer,restore/source,选择备份,fullScreen,,,content | loadingRemote | permissionError,SystemFilePickerAction | RepositorySnapshotPicker | DriveSnapshotPicker,,REQ-003 | REQ-076,android_ledger_screen_contract_v1.yaml#screens,NOT_STARTED,,,P31
RST-002,恢复,:feature:transfer,restore/{operationId}/password,输入恢复密码,fullScreen,operationId:StableId,,editing | verifying | wrongPassword | lockedDelay,SecurePasswordField | AttemptStatus | NoBackdoorNotice,,REQ-003 | REQ-076,android_ledger_screen_contract_v1.yaml#screens,NOT_STARTED,,,P31
RST-003,恢复,:feature:transfer,restore/{operationId}/inspect,检查备份,fullScreen,operationId:StableId,,checking | compatible | incompatibleBook | incompatibleCurrency | corrupt,BackupIdentitySummary | BookCompatibilityChecks | VersionMigrationSummary | ContentCounts | IntegrityChecks,,REQ-003 | REQ-076,android_ledger_screen_contract_v1.yaml#screens,NOT_STARTED,,,P31
RST-004,恢复,:feature:transfer,restore/{operationId}/mode,恢复方式,fullScreen,operationId:StableId,,content | mergeUnavailable,ReplaceRestoreCard | MergeRestoreCard | SafetySnapshotNotice | HighRiskConfirmAction,,REQ-003 | REQ-076,android_ledger_screen_contract_v1.yaml#screens,NOT_STARTED,,,P31
RST-005,恢复,:feature:transfer,restore/{operationId}/conflicts,解决合并冲突,fullScreen,operationId:StableId,,content | resolved | unresolved | purgeTombstoneWins,ConflictProgress | ConflictCard | ThreeWayComparison | ResolutionOptions | ApplyToSimilarToggle,,REQ-003 | REQ-076 | REQ-089,android_ledger_screen_contract_v1.yaml#screens,NOT_STARTED,,,P31
RST-006,恢复,:feature:transfer,restore/{operationId}/progress,正在恢复,fullScreen,operationId:StableId,,downloading | verifying | migrating | rebuilding | swapping | failedRollback | succeeded,OperationProgressPanel | PhaseTimeline | NonInterruptibleCommitNotice,,REQ-003 | REQ-076 | REQ-084,android_ledger_screen_contract_v1.yaml#screens,NOT_STARTED,,,P31
RST-007,恢复,:feature:transfer,restore/{operationId}/result,恢复结果,fullScreen,operationId:StableId,,success | rolledBack | failed,ResultHero | SafetySnapshotInfo | VerificationSummary | OpenAppAction,,REQ-003 | REQ-076,android_ledger_screen_contract_v1.yaml#screens,NOT_STARTED,,,P31
CLR-001,数据清除,:feature:settings,settings/clear-local,清除本机数据,fullScreen,,,content | confirming | clearing | failed,LocalDataScopeList | ExternalBackupExclusionNotice | TypedConfirmation | AuthenticationGate | ClearAction,,REQ-079,android_ledger_screen_contract_v1.yaml#screens,NOT_STARTED,,,P32
CLR-002,数据清除,:feature:transfer,backup/delete-cloud,删除云端备份,fullScreen,,,content | authRequired | deleting | failed,CloudSnapshotSelection | AuthenticationGate | TypedConfirmation | DeleteProgress,,REQ-079,android_ledger_screen_contract_v1.yaml#screens,NOT_STARTED,,,P31
ATT-001,附件,:core:files,attachment/{attachmentId}/preview,附件预览,fullScreen,attachmentId:StableId,,loading | image | unsupportedPreview | decryptError,SecureImagePreview | FileMetadata | RenameAction | OpenExternallyAction,,REQ-057,android_ledger_screen_contract_v1.yaml#screens,VERIFIED,P10 encrypted Coil preview logical metadata unsupported and sanitized decrypt-error states,P10-E003; P10-E005,P10
ATT-002,附件,:core:files,attachment/{attachmentId}/external-open,使用其他应用打开,dialog,attachmentId:StableId,,content,ExternalOpenRiskNotice | OpenAction,,REQ-057,android_ledger_screen_contract_v1.yaml#screens,VERIFIED,P10 explicit risk confirmation plus one-time expiring pipe authorization,P10-E003; P10-E005,P10
ATT-003,附件,:core:files,attachment/{attachmentId}/rename,重命名附件,dialog,attachmentId:StableId,DisplayName,editing | invalid,DisplayNameField,,REQ-057,android_ledger_screen_contract_v1.yaml#screens,VERIFIED,P10 sanitized logical display-name editing and invalid states,P10-E002; P10-E005,P10
SYS-001,系统权限,:core:geo,permission/location,允许保存位置,dialog,,,firstAsk | denied | permanentlyDenied,PermissionRationale | ContinueAction | NotNowAction,,REQ-054 | REQ-055,android_ledger_screen_contract_v1.yaml#screens,VERIFIED,P10 foreground-only first ask denied and permanently denied permission dialog,P10-E004; P10-E005,P10
SYS-002,系统权限,:core:background,permission/notifications,允许操作通知,dialog,,,firstAsk | denied,PermissionRationale | ContinueAction | NotNowAction,,,android_ledger_screen_contract_v1.yaml#screens,NOT_STARTED,,,P33
SYS-003,系统授权,:feature:transfer,authorization/drive,连接 Google Drive,fullScreen,,,disconnected | authorizing | connected | failed,DriveScopeExplanation | AuthorizeAction | DisconnectAction,,,android_ledger_screen_contract_v1.yaml#screens,NOT_STARTED,,,P30
SYS-004,系统安全,:core:security,device-security-required,需要设备屏幕锁,fullScreen,,,missing | configured,SecurityRequirementExplanation | OpenSystemSettingsAction,,,android_ledger_screen_contract_v1.yaml#screens,NOT_STARTED,,,P32
WGT-001,桌面小组件,:widget,widget/config/type/{appWidgetId},选择小组件,systemActivity,appWidgetId:Int,,content,WidgetTypeGrid,,REQ-001 | REQ-072,android_ledger_screen_contract_v1.yaml#screens,NOT_STARTED,,,P33
WGT-002,桌面小组件,:widget,widget/config/data/{appWidgetId}/{type},小组件内容,systemActivity,appWidgetId:Int | type:WidgetType,,content | noEligibleData,WidgetDataSelector | Preview,,REQ-001 | REQ-072,android_ledger_screen_contract_v1.yaml#screens,NOT_STARTED,,,P33
WGT-003,桌面小组件,:widget,widget/config/privacy/{appWidgetId},小组件隐私,systemActivity,appWidgetId:Int,,content,HideAmountDefault | RevealAmountOptIn | LockBehaviorSummary | SaveWidgetAction,,REQ-001 | REQ-072,android_ledger_screen_contract_v1.yaml#screens,NOT_STARTED,,,P33
