需求ID,来源章节,需求摘要,覆盖页面/流程,核心组件,验收条件
REQ-001,需求/产品边界,仅 Android 手机；支持桌面小组件,G-001;WGT-001..003,LedgerScaffold;WidgetConfigScaffold,320dp 宽手机、标准手机和大字体下可完成全部流程；小组件配置可完成。
REQ-002,需求/产品边界,单用户、单总账、本地优先，无在线产品账户,G-001;ONB-001..010,SessionGate;OfflineState,断网时除地图、汇率、Drive、遥测外全部核心页面可用；UI 无登录/注册入口。
REQ-003,需求/产品边界,不提供实时同步，只提供备份、恢复、合并,BKP-001..007;RST-001..007,BackupStatus;RestoreModeCard,任何页面不得使用“同步”描述 Drive 备份；合并恢复有独立冲突界面。
REQ-004,需求/产品边界,不读取通知、短信、银行或支付平台自动记账,SETG-001;AUT-001,PrivacySummary,设置中不存在相关权限或入口；自动化只基于模板和周期规则。
REQ-005,需求/产品边界,不使用 AI/OCR,ANA-013;IMP-001..009,DeterministicMethodDisclosure,异常/预测显示确定性算法说明；附件导入没有 OCR 操作。
REQ-006,需求/账务模型,界面隐藏借方、贷方、会计科目,JRN-007;ANA-015,AccountImpactSection;IntegrityStatus,普通 UI 只显示账户增加/减少、费用/收入/预算影响；技术明细折叠且不作为主流程。
REQ-007,需求/账务模型,四层统计语义分别表达,JRN-007;ANA-003;BUD-001,BudgetSemanticsSection;MetricCard,详情能分别显示账户现金流、净金融资产、消费性质、预算影响。
REQ-008,需求/净资产指标,名称固定为核心净金融资产和调整后净金融头寸,ACC-001;ANA-003,NetFinancialAssetSummary,不得出现“总净资产”或暗示包含房产投资的文案。
REQ-009,需求/账户,任意多个现金、银行、信用、贷款账户,ACC-001..005;LOA-001..007,AccountTypeCard;AccountSummaryCard,账户创建器支持四类且无单现金账户限制。
REQ-010,需求/账户,最后一个账户允许归档但必须警告,ACC-012,LastAccountWarning,归档前明确说明记账将无可用账户；仍允许继续。
REQ-011,需求/账户,有历史账户只能归档，空账户可永久删除,ACC-012,UsageSummary;ArchiveDeleteOptions,使用过的账户不显示直接删除操作。
REQ-012,需求/实体卡,账户与实体卡分离，一账户多卡或无卡,ACC-009..011;REC-006,CardOptionRow,账户详情可为空卡列表；交易卡片字段可为空。
REQ-013,需求/多币种,账户币种固定，首笔 Posting 后不可修改,ACC-003,CurrencyField,已使用账户币种字段只读并解释原因。
REQ-014,需求/多币种,保存原币、账户币、本位币和汇率证据,REC-003;REC-013;REC-021;JRN-007,FxEvidenceSection;AmountStack,详情清楚区分原始金额、入账金额、本位币估值和报价时间。
REQ-015,需求/多币种,离线缓存汇率；无缓存时手动输入,REC-003;REC-013;REC-021,FxStatusBanner;ManualRateField,离线状态显示报价时间；无汇率时阻止保存并提供手动路径。
REQ-016,需求/交易系统,顶部固定支出、收入、其他交易 Tab,REC-001,RecordTopTabs,三个 Tab 固定在内容顶部，冷启动落在支出。
REQ-017,需求/交易系统,其他交易包含转账、信用还款、退款、贷款、余额调整、外币兑换,REC-012..021,OtherTransactionGrid,六个入口全部存在；互请管理不在该网格中。
REQ-018,需求/分类,收入和支出是两棵独立树，无默认分类,REC-001;CAT-001,CategoryGrid;EmptyState,新账本显示空分类状态；收入/支出切换不混用数据。
REQ-019,需求/分类,最多两级，一级有子项仍可直接记账,REC-001;REC-004;CAT-001,CategoryGroupSection;CategoryTile,一级和二级均可点击选择；层级视觉清晰。
REQ-020,需求/分类,分类重新选择复用完整网格，不用下拉,REC-004,CategoryGrid,交易编辑器点击分类进入同一 CategoryGrid destination。
REQ-021,需求/分类,分类支持颜色、图标、排序、搜索与对比度检测,CAT-001..003;CAT-002,CategoryColorPicker;ContrastPreview,低对比色产生警告并给出可访问前景色。
REQ-022,需求/分类,删除分类支持重分配、归档、墓碑删除,CAT-004,CategoryDeleteFlow,三种策略均展示影响笔数；墓碑历史以灰色删除线显示。
REQ-023,需求/普通交易,普通交易字段完整且顺序固定,REC-003,TransactionEditorScaffold,字段顺序严格为分类、金额、账户卡、商户、时间、项目、互请、位置、备注、附件。
REQ-024,需求/金额输入,系统键盘；支持有限算术表达式和操作符工具栏,REC-003;REC-013..021,MoneyExpressionField;OperatorToolbar,全半角规范化；错误定位；无应用内数字键盘。
REQ-025,需求/金额输入,最终金额大于零并按币种最小单位舍入,REC-003,MoneyExpressionField,零/负数不可保存；显示舍入后结果和原始算式。
REQ-026,需求/录入交互,互请默认折叠，开启后展开,REC-003;REC-011,SettlementSection,未开启时不占用大块空间；开启后字段完整。
REQ-027,需求/录入交互,保存 FAB 固定右下，不随页面滚动,REC-003;REC-013..022,LedgerSaveFab,滚动、键盘显示、大字体下仍可触达且不遮住最后字段。
REQ-028,需求/录入交互,保存后返回当前分类网格,REC-003 -> REC-001,NavigationResult,保存成功回到原支出/收入 Tab 并保持滚动位置。
REQ-029,需求/交易限制,不支持拆分分类或多账户共同支付,REC-003;IMP-003,SingleCategorySelector;SinglePayerAccount,UI 不出现拆分入口；导入映射遇到拆分数据提示需拆成多笔。
REQ-030,需求/交易时间,保存发生时间、时区、本地日期和账单归属,REC-003;CRD-006;JRN-007,DateTimeZoneField;StatementAssignment,跨时区交易详情可查看原时区；信用账单时区单独说明。
REQ-031,需求/版本历史,任何编辑产生完整历史，旧版恢复产生新修订,JRN-008;JRN-009,RevisionTimeline;RestoreRevisionAction,恢复操作提示“将创建新版本”，历史版本数量增加而非覆盖。
REQ-032,需求/回收站,保留期可配，支持恢复和受控永久清除,JRN-011;JRN-012;SETG-008,TrashRetentionBanner;HighRiskConfirmation,永久删除前重新校验资格；依赖未处理时不可执行。
REQ-033,需求/余额检查点,检查点不影响余额，可查漏或生成调整,ACC-007;ACC-008,DifferenceCard;ResolutionActions,创建检查点后余额不变；调整是显式独立操作。
REQ-034,需求/退款,全额/部分/跨月/其他账户/独立退款,REC-015;REC-016,RefundEditor,原交易和独立两种模式；显示已退、可退、剩余。
REQ-035,需求/退款,跨月退款分别处理权责、现金流和预算恢复,REC-015;JRN-007,RefundBudgetPolicy;AccrualCashflowSummary,三个时间/月份维度分别可见，不用一个日期替代。
REQ-036,需求/信用卡,完整账单、额度、欠款、官方与预计信息；无最低还款额,CRD-001..005,CreditDebtHero;EstimatedOfficialComparison,页面无最低还款字段；官方与预计差异不自动调账。
REQ-037,需求/信用卡,允许前后期调整、封存后编辑警告,CRD-004;CRD-006;REC-003,ImpactWarning;SealedBadge,封存账单内交易编辑前显示影响说明并继续保留历史。
REQ-038,需求/信用卡,提前还款分配，禁止主动超额还款,REC-014;CRD-007,PaymentAllocationEditor,超额时阻止保存；支持未分配提前还款。
REQ-039,需求/自动还款,正式生成/候选两模式，不声称现实扣款成功,CRD-008;AUT-008,RealityPaymentDisclaimer;CandidateBadge,所有自动生成文案明确为“记账记录”。
REQ-040,需求/分期,购买即确认全部消费/负债，未来计划单独展示,REC-027;INS-003..004,InstallmentProgressHero;ScheduleTable,分期页区分已出账和未出账承诺负债。
REQ-041,需求/贷款,多还款方式、利率阶段、组合贷款、提前还款模拟,LOA-002..011,LoanWizard;RatePeriodTimeline;SimulationComparison,组合贷款可添加多个 tranche；模拟不影响真实账本，应用需二次确认。
REQ-042,需求/贷款,未来计划只进预测，不进当前流水余额,LOA-008;ANA-014;JRN-001,PlannedActualToggle;ForecastDisclosure,计划行有“计划”标识且不出现在流水。
REQ-043,需求/互请,只支持净额结算，任意参与人和多种分配方式,SET-001..008;REC-011,ParticipantShareTable;SplitModeTabs,平均、金额、百分比、权重、排除、税费及舍入均可编辑。
REQ-044,需求/互请,外部参与人之间付款不改变本地账户,SET-006,NoLocalImpactBanner,self 不参与时账户字段隐藏并明确“不影响本地账户”。
REQ-045,需求/互请,已结算后原交易修改触发补充结算,SET-004;SET-008,AdditionalSettlementBadge,历史结算不被修改，页面显示重新计算后的差额。
REQ-046,需求/项目,项目预算、报表、交易、现金流、互请和目标关联,PRJ-001..006,ProjectHero;ProjectTabs,项目详情具备概览、交易、现金流、互请信息。
REQ-047,需求/项目,一个项目最多一个目标，一个目标可多个项目,PRJ-002;GOL-003,GoalSelector;BoundProjects,项目编辑器单选目标；目标详情可列多个项目。
REQ-048,需求/预算,自然月、总/一级/二级预算、层级约束,BUD-001..003,HierarchicalBudgetEditor;ConstraintMeters,一级合计和二级合计超限时立即显示差额并阻止保存。
REQ-049,需求/预算,正负结转、调整、历史重算、模板和未来月份,BUD-001..008,BudgetCompositionRows;RecalculationBanner,基础预算、结转和调整分栏显示；历史修改提示后续月份重算。
REQ-050,需求/预算,每日可用金额扣除尚未发生周期固定支出,BUD-001,DailyAvailableCard,卡片显示公式展开和周期预留金额。
REQ-051,需求/目标,目标是账户内预留，不改变实际余额,GOL-001..004;ACC-005,AccountAvailabilitySummary,同时显示实际余额、目标预留和可用余额。
REQ-052,需求/目标,余额不足不阻止交易，允许可用余额为负并警告,REC-003;GOL-003,UnderfundedWarning,只警告不禁用保存。
REQ-053,需求/商户,商户搜索、合并、别名、地点与本地位置推荐,REC-007;MER-001..003,MerchantSuggestionRow,推荐需标注“根据本地历史”，不得自动填写。
REQ-054,需求/位置,前台尝试定位，保存最多等待3秒，失败不阻止,REC-003;REC-009;SYS-001,LocationField,保存过程中最多等待3秒，超时自动继续且不后台补写。
REQ-055,需求/位置,不申请后台定位，不在线地点搜索/反向解析,SYS-001;REC-009,PermissionRationale,权限说明仅为“使用应用时”；地图无在线搜索框。
REQ-056,需求/地图,聚类、热力图、金额/笔数、商户/地点汇总和完整筛选,ANA-011;ANA-012,MapModeSelector;MapClusterLayer;MapHeatLayer,缩放后从聚类平滑切到单点；地图有 attribution。
REQ-057,需求/附件,任意格式数量、私有复制、重命名、预览/外开、去重,REC-010;ATT-001..003,AttachmentList;SecureImagePreview,外部打开前确认；UI 不显示物理存储名；大文件可取消。
REQ-058,需求/快捷模板,模板进入完整表单，不直接保存,AUT-002..003;REC-026;REC-003,TemplateCard,点击模板后进入 REC-003，用户仍可修改全部字段。
REQ-059,需求/周期交易,复杂周期规则、正式/候选、幂等补齐、修改范围,AUT-004..010,RecurrenceRuleEditor;ScopeOptionCards,候选有明显未入账标识；修改出现三种范围选择。
REQ-060,需求/批量录入,摘要表格+完整行编辑，整批校验提交与撤销,REC-023..025,BatchSummaryTable;AtomicCommitBar,任一错误默认禁止整批提交；成功后可按批次撤销。
REQ-061,需求/批量编辑,限定允许字段，禁止金额等高风险字段,JRN-005..006,BulkEditableFieldList,不允许的字段不出现在批量编辑器。
REQ-062,需求/流水,日期分组、规定字段和多种标识,JRN-001,JournalTransactionRow,行同时显示分类、摘要、账户卡、账户币金额、必要原币与状态图标。
REQ-063,需求/流水,收入/消费/退款/转账用颜色+图标+文字区分,JRN-001,TransactionTypeIndicator,关掉颜色/灰度截图下仍可通过图标和文字识别。
REQ-064,需求/流水,账户详情显示运行余额，全局流水不显示,ACC-006;JRN-001,RunningBalanceColumn,同一交易在全局行不出现运行余额，在账户行出现。
REQ-065,需求/搜索筛选,完整维度、跨维度 AND、同维度 OR、保存默认方案,JRN-003;JRN-004,FilterBuilder,筛选摘要可读出逻辑；默认筛选可设置和清除。
REQ-066,需求/交易详情,展示所有关系、影响和完整历史,JRN-007..009,TransactionDetailSections,与交易有关但为空的区块隐藏；有值时都可到达对应详情。
REQ-067,需求/分析,至少20种固定报表和自定义仪表板,ANA-001..010,ReportCatalog;DashboardEditor,固定报表目录完整；自定义支持指标、维度、筛选、排序和规定图表。
REQ-068,需求/分析,图表摘要、可访问表格、饼图过多自动改条形图,ANA-003;ANA-009,AccessibleDataTable;VisualizationCompatibility,TalkBack 可先读摘要再进入数据表；类别>6时饼图不可选/自动转换。
REQ-069,需求/异常预测,确定性规则，不使用AI,ANA-013;ANA-014,DeterministicMethodDisclosure,每个异常/预测可展开查看输入窗口、阈值与算法版本。
REQ-070,需求/导航,底部固定五入口，更多功能承载其他模块,REC-001;JRN-001;ACC-001;BUD-001;ANA-001;G-006,LedgerNavigationBar,五项标签始终可见；更多入口位置一致。
REQ-071,需求/冷启动,默认记账-支出；短暂返回恢复原页且可配置,G-001;REC-001;SETG-001,SessionRestorePolicy,自动化测试覆盖冷启动和后台恢复两种策略。
REQ-072,需求/小组件,九类小组件，金额默认隐藏，快速记账不直接保存,WGT-001..003,WidgetPreview;AmountPrivacy,新组件默认隐藏金额；点击快速记账只打开表单。
REQ-073,需求/导入,CSV/Excel通用和结构化导入、暂存、预览、校验、重复处理,IMP-001..010,ImportWizard,导入前主账本无变化；用户可从错误跳到来源行。
REQ-074,需求/导出,筛选CSV、全量Excel、报表图/PDF/Excel、加密备份,EXP-001..004;ANA-010;BKP-001..007,ExportTypeCards,保险库完整字段永不在CSV/Excel字段列表出现。
REQ-075,需求/备份,始终加密、附件历史、可选保险库、保留策略、本地/Drive,BKP-001..007,BackupStatusHero;IncludeVaultToggle,未设置恢复密码时不能启用包含保险库；备份状态可验证。
REQ-076,需求/恢复,替换/同账本合并、安全快照、完整性检查、失败回滚,RST-001..007,RestoreModeCards;SafetySnapshotNotice,不兼容账本ID/本位币阻止合并；失败后显示已回滚。
REQ-077,需求/保险库,每次查看/复制认证，安全码禁复制，30秒/后台隐藏，禁截屏,VLT-001..004,SensitiveValueField;AuthenticationGate,自动化与真机测试覆盖每次认证、超时和后台切换。
REQ-078,需求/应用锁,默认关闭，多种超时，最近任务遮挡，可选全局禁截屏,SETG-006;SETG-007;G-002,LockScreen,所有超时选项存在；保险库安全策略不受全局开关影响。
REQ-079,需求/本地清除,只清本机；云端备份删除独立认证确认,CLR-001;CLR-002,TypedConfirmation,本地清除说明明确不删除导出文件/Drive；云端删除是独立流程。
REQ-080,需求/遥测,首次确认前不发送，分别开关，可查看删除队列,ONB-005;SETG-009..011,ConsentToggle;QueueList,关闭后队列立即为空；UI 不显示业务数据字段。
REQ-081,需求/首次启动,十步顺序，账户/分类可跳过，无示例数据,ONB-001..010,OnboardingScaffold,步骤顺序固定；跳过后应用为空状态。
REQ-082,需求/国际化,简中、日语、英语；地区格式可覆盖,ONB-001;SETG-003..005,LocalizedText;FormatPreview,三语截图测试；长文案不截断。
REQ-083,需求/无障碍,浅深、动态色、大字体、TalkBack、减少动画、触控目标、非颜色唯一,全局,LedgerTheme;AccessibleChart;TouchTarget,200%字体、TalkBack、灰度、减少动画和48dp触控目标均通过测试。
REQ-084,需求/性能,50万交易、分页、流式大型操作,JRN-001;IMP-008;EXP-004;BKP-001;RST-006,PagedList;OperationProgressPanel,列表不显示全量计数前阻塞；长操作持续进度、可安全取消并恢复。
REQ-085,架构/UI导航,五个顶层各自独立back stack，导航参数只传稳定ID,全局路由契约,NavigationContract,静态检查禁止金额、备注、完整对象进入route。
REQ-086,架构/表单状态,未保存表单仅内存，SavedState不存敏感数据,REC-003;REC-023;AUT-003,SensitiveStatePolicy,进程重建后回到安全入口并说明未保存内容丢失；SavedState审计无敏感字段。
REQ-087,架构/应用状态,Locked/Opening/Maintenance/RecoveryRequired状态完整,G-001..005,SessionGate,维护期间所有业务写按钮不可达。
REQ-088,领域/修订冲突,编辑使用expectedRevision，冲突不得静默覆盖,REC-003;JRN-007,ConflictDialog,冲突时提供重新加载、查看差异、取消，不提供无提示强制覆盖。
REQ-089,领域/清除墓碑,合并恢复中清除墓碑优先旧实体,RST-005,PurgeTombstoneConflictCard,冲突卡明确显示该项已被永久清除且不能选择旧版本复活。
REQ-090,技术/UI栈,Compose+Material3、Navigation3、Glance、MapLibre、Vico,全局,core:designsystem wrappers,feature模块不得建立XML页面或第二套主题；地图/图表使用统一包装。
